date,strategy_name,tenor,trade_id,leg_id,symbol,instrument,expiry_dt,strike_pr,option_typ,side,qty_lots,lot_size,units,entry_date,exit_date,entry_price,settle_used,settle_prev_used,mtm_pnl,gap_risk_pnl_proxy,gap_method,price_method,rate_91d,rate_182d,rate_364d,vix_close,contracts,open_int,chg_in_oi
2025-01-03,short_straddle,WEEKLY,short_straddle|NIFTY|WEEKLY|20250109|20250103,short_straddle|NIFTY|WEEKLY|20250109|20250103::L000001,NIFTY,OPTIDX,2025-01-09,24000.0,CE,-1,1,75.0,-75.0,2025-01-03,2025-01-09,156.6,156.6,156.6,-0.0,-2985.0000000001096,INTRINSIC_OPEN_PROXY,SETTLE_USED,0.0661,0.0670999999999999,0.06645,13.54,1224658.0,5191500.0,2992650.0
2025-01-03,short_straddle,WEEKLY,short_straddle|NIFTY|WEEKLY|20250109|20250103,short_straddle|NIFTY|WEEKLY|20250109|20250103::L000002,NIFTY,OPTIDX,2025-01-09,24000.0,PE,-1,1,75.0,-75.0,2025-01-03,2025-01-09,156.55,156.55,156.55,-0.0,11741.25,INTRINSIC_OPEN_PROXY,SETTLE_USED,0.0661,0.0670999999999999,0.06645,13.54,1999538.0,5543400.0,1648350.0
2025-01-06,short_straddle,WEEKLY,short_straddle|NIFTY|WEEKLY|20250109|20250103,short_straddle|NIFTY|WEEKLY|20250109|20250103::L000001,NIFTY,OPTIDX,2025-01-09,24000.0,CE,-1,1,75.0,-75.0,2025-01-03,2025-01-09,156.6,57.45,156.6,7436.249999999999,8310.000000000055,INTRINSIC_OPEN_PROXY,SETTLE_USED,0.0658,0.0667,0.06634,15.65,2780328.0,9007125.0,3815625.0
2025-01-06,short_straddle,WEEKLY,short_straddle|NIFTY|WEEKLY|20250109|20250103,short_straddle|NIFTY|WEEKLY|20250109|20250103::L000002,NIFTY,OPTIDX,2025-01-09,24000.0,PE,-1,1,75.0,-75.0,2025-01-03,2025-01-09,156.55,435.0,156.55,-20883.75,11741.25,INTRINSIC_OPEN_PROXY,SETTLE_USED,0.0658,0.0667,0.06634,15.65,1441898.0,2730825.0,-2812575.0
2025-01-07,short_straddle,WEEKLY,short_straddle|NIFTY|WEEKLY|20250109|20250103,short_straddle|NIFTY|WEEKLY|20250109|20250103::L000001,NIFTY,OPTIDX,2025-01-09,24000.0,CE,-1,1,75.0,-75.0,2025-01-03,2025-01-09,156.6,25.75,57.45,2377.5,4308.75,INTRINSIC_OPEN_PROXY,SETTLE_USED,0.066,0.0668,0.06633,14.66,1909856.0,12014625.0,3007500.0
2025-01-07,short_straddle,WEEKLY,short_straddle|NIFTY|WEEKLY|20250109|20250103,short_straddle|NIFTY|WEEKLY|20250109|20250103::L000002,NIFTY,OPTIDX,2025-01-09,24000.0,PE,-1,1,75.0,-75.0,2025-01-03,2025-01-09,156.55,318.7,435.0,8722.5,8617.50000000011,INTRINSIC_OPEN_PROXY,SETTLE_USED,0.066,0.0668,0.06633,14.66,197658.0,2415675.0,-315150.0
2025-01-08,short_straddle,WEEKLY,short_straddle|NIFTY|WEEKLY|20250109|20250103,short_straddle|NIFTY|WEEKLY|20250109|20250103::L000001,NIFTY,OPTIDX,2025-01-09,24000.0,CE,-1,1,75.0,-75.0,2025-01-03,2025-01-09,156.6,10.35,25.75,1155.0,1931.25,INTRINSIC_OPEN_PROXY,SETTLE_USED,0.0658,0.0668,0.0666399999999999,14.47,4810284.0,13345950.0,1331325.0
2025-01-08,short_straddle,WEEKLY,short_straddle|NIFTY|WEEKLY|20250109|20250103,short_straddle|NIFTY|WEEKLY|20250109|20250103::L000002,NIFTY,OPTIDX,2025-01-09,24000.0,PE,-1,1,75.0,-75.0,2025-01-03,2025-01-09,156.55,319.05,318.7,-26.250000000001705,4901.250000000108,INTRINSIC_OPEN_PROXY,SETTLE_USED,0.0658,0.0668,0.0666399999999999,14.47,158301.0,1884300.0,-531375.0
2025-01-09,short_straddle,WEEKLY,short_straddle|NIFTY|WEEKLY|20250109|20250103,short_straddle|NIFTY|WEEKLY|20250109|20250103::L000001,NIFTY,OPTIDX,2025-01-09,24000.0,CE,-1,1,75.0,-75.0,2025-01-03,2025-01-09,156.6,0.0,10.35,776.25,776.25,INTRINSIC_OPEN_PROXY,SETTLE_USED,0.0661,0.0672,0.06665,14.66,4027498.0,9609075.0,-3736875.0
2025-01-09,short_straddle,WEEKLY,short_straddle|NIFTY|WEEKLY|20250109|20250103,short_straddle|NIFTY|WEEKLY|20250109|20250103::L000002,NIFTY,OPTIDX,2025-01-09,24000.0,PE,-1,1,75.0,-75.0,2025-01-03,2025-01-09,156.55,473.5,319.05,-11583.75,-464.99999999999915,INTRINSIC_OPEN_PROXY,SETTLE_USED,0.0661,0.0672,0.06665,14.66,60644.0,899250.0,-985050.0
2025-01-10,short_straddle,WEEKLY,short_straddle|NIFTY|WEEKLY|20250116|20250110,short_straddle|NIFTY|WEEKLY|20250116|20250110::L000003,NIFTY,OPTIDX,2025-01-16,23450.0,CE,-1,1,75.0,-75.0,2025-01-10,2025-01-16,159.8,159.8,159.8,-0.0,4342.499999999892,INTRINSIC_OPEN_PROXY,SETTLE_USED,0.0661,0.067,0.06682,14.92,780775.0,970650.0,858225.0
2025-01-10,short_straddle,WEEKLY,short_straddle|NIFTY|WEEKLY|20250116|20250110,short_straddle|NIFTY|WEEKLY|20250116|20250110::L000004,NIFTY,OPTIDX,2025-01-16,23450.0,PE,-1,1,75.0,-75.0,2025-01-10,2025-01-16,161.3,161.3,161.3,-0.0,12097.5,INTRINSIC_OPEN_PROXY,SETTLE_USED,0.0661,0.067,0.06682,14.92,1381503.0,1264500.0,912975.0
2025-01-13,short_straddle,WEEKLY,short_straddle|NIFTY|WEEKLY|20250116|20250110,short_straddle|NIFTY|WEEKLY|20250116|20250110::L000003,NIFTY,OPTIDX,2025-01-16,23450.0,CE,-1,1,75.0,-75.0,2025-01-10,2025-01-16,159.8,30.4,159.8,9705.0,11985.0,INTRINSIC_OPEN_PROXY,SETTLE_USED,0.0661,0.0670999999999999,0.06747,16.0,930773.0,2350725.0,1380075.0
2025-01-13,short_straddle,WEEKLY,short_straddle|NIFTY|WEEKLY|20250116|20250110,short_straddle|NIFTY|WEEKLY|20250116|20250110::L000004,NIFTY,OPTIDX,2025-01-16,23450.0,PE,-1,1,75.0,-75.0,2025-01-10,2025-01-16,161.3,350.5,161.3,-14190.0,-6997.49999999989,INTRINSIC_OPEN_PROXY,SETTLE_USED,0.0661,0.0670999999999999,0.06747,16.0,112293.0,540900.0,-723600.0
2025-01-14,short_straddle,WEEKLY,short_straddle|NIFTY|WEEKLY|20250116|20250110,short_straddle|NIFTY|WEEKLY|20250116|20250110::L000003,NIFTY,OPTIDX,2025-01-16,23450.0,CE,-1,1,75.0,-75.0,2025-01-10,2025-01-16,159.8,19.85,30.4,791.2499999999998,2280.0,INTRINSIC_OPEN_PROXY,SETTLE_USED,0.0662,0.0670999999999999,0.06705,15.47,758862.0,2869425.0,518700.0
2025-01-14,short_straddle,WEEKLY,short_straddle|NIFTY|WEEKLY|20250116|20250110,short_straddle|NIFTY|WEEKLY|20250116|20250110::L000004,NIFTY,OPTIDX,2025-01-16,23450.0,PE,-1,1,75.0,-75.0,2025-01-10,2025-01-16,161.3,231.25,350.5,8943.75,4980.000000000109,INTRINSIC_OPEN_PROXY,SETTLE_USED,0.0662,0.0670999999999999,0.06705,15.47,46250.0,393900.0,-147000.0
2025-01-15,short_straddle,WEEKLY,short_straddle|NIFTY|WEEKLY|20250116|20250110,short_straddle|NIFTY|WEEKLY|20250116|20250110::L000003,NIFTY,OPTIDX,2025-01-16,23450.0,CE,-1,1,75.0,-75.0,2025-01-10,2025-01-16,159.8,7.15,19.85,952.5000000000001,1488.75,INTRINSIC_OPEN_PROXY,SETTLE_USED,0.066,0.0670999999999999,0.06643,15.26,1521622.0,3573825.0,704400.0
2025-01-15,short_straddle,WEEKLY,short_straddle|NIFTY|WEEKLY|20250116|20250110,short_straddle|NIFTY|WEEKLY|20250116|20250110::L000004,NIFTY,OPTIDX,2025-01-16,23450.0,PE,-1,1,75.0,-75.0,2025-01-10,2025-01-16,161.3,242.15,231.25,-817.5000000000005,2377.5000000000546,INTRINSIC_OPEN_PROXY,SETTLE_USED,0.066,0.0670999999999999,0.06643,15.26,105968.0,366075.0,-27825.0
2025-01-16,short_straddle,WEEKLY,short_straddle|NIFTY|WEEKLY|20250116|20250110,short_straddle|NIFTY|WEEKLY|20250116|20250110::L000003,NIFTY,OPTIDX,2025-01-16,23450.0,CE,-1,1,75.0,-75.0,2025-01-10,2025-01-16,159.8,0.0,7.15,536.25,536.25,INTRINSIC_OPEN_PROXY,SETTLE_USED,0.0659,0.0668,0.06641,15.47,3548178.0,3406725.0,-167100.0
2025-01-16,short_straddle,WEEKLY,short_straddle|NIFTY|WEEKLY|20250116|20250110,short_straddle|NIFTY|WEEKLY|20250116|20250110::L000004,NIFTY,OPTIDX,2025-01-16,23450.0,PE,-1,1,75.0,-75.0,2025-01-10,2025-01-16,161.3,138.20000000000073,242.15,7796.249999999945,12705.0,INTRINSIC_OPEN_PROXY,SETTLE_USED,0.0659,0.0668,0.06641,15.47,374489.0,450825.0,84750.0
2025-01-17,short_straddle,WEEKLY,short_straddle|NIFTY|WEEKLY|20250123|20250117,short_straddle|NIFTY|WEEKLY|20250123|20250117::L000005,NIFTY,OPTIDX,2025-01-23,23200.0,CE,-1,1,75.0,-75.0,2025-01-17,2025-01-23,183.8,183.8,183.8,-0.0,8002.50000000011,INTRINSIC_OPEN_PROXY,SETTLE_USED,0.0661,0.0670999999999999,0.06623,15.75,2064980.0,3662625.0,2097300.0
2025-01-17,short_straddle,WEEKLY,short_straddle|NIFTY|WEEKLY|20250123|20250117,short_straddle|NIFTY|WEEKLY|20250123|20250117::L000006,NIFTY,OPTIDX,2025-01-23,23200.0,PE,-1,1,75.0,-75.0,2025-01-17,2025-01-23,146.9,146.9,146.9,-0.0,11017.5,INTRINSIC_OPEN_PROXY,SETTLE_USED,0.0661,0.0670999999999999,0.06623,15.75,2430583.0,3565575.0,934350.0
2025-01-20,short_straddle,WEEKLY,short_straddle|NIFTY|WEEKLY|20250123|20250117,short_straddle|NIFTY|WEEKLY|20250123|20250117::L000005,NIFTY,OPTIDX,2025-01-23,23200.0,CE,-1,1,75.0,-75.0,2025-01-17,2025-01-23,183.8,246.9,183.8,-4732.5,7004.999999999892,INTRINSIC_OPEN_PROXY,SETTLE_USED,0.066,0.0669,0.06663,16.42,1124283.0,2655075.0,-1007550.0
2025-01-20,short_straddle,WEEKLY,short_straddle|NIFTY|WEEKLY|20250123|20250117,short_straddle|NIFTY|WEEKLY|20250123|20250117::L000006,NIFTY,OPTIDX,2025-01-23,23200.0,PE,-1,1,75.0,-75.0,2025-01-17,2025-01-23,146.9,74.15,146.9,5456.25,11017.5,INTRINSIC_OPEN_PROXY,SETTLE_USED,0.066,0.0669,0.06663,16.42,1806528.0,5807925.0,2242350.0
2025-01-21,short_straddle,WEEKLY,short_straddle|NIFTY|WEEKLY|20250123|20250117,short_straddle|NIFTY|WEEKLY|20250123|20250117::L000005,NIFTY,OPTIDX,2025-01-23,23200.0,CE,-1,1,75.0,-75.0,2025-01-17,2025-01-23,183.8,72.35,246.9,13091.25,1893.7499999998913,INTRINSIC_OPEN_PROXY,SETTLE_USED,0.066,0.0667,0.06654,17.06,2157028.0,5450700.0,2795625.0
2025-01-21,short_straddle,WEEKLY,short_straddle|NIFTY|WEEKLY|20250123|20250117,short_straddle|NIFTY|WEEKLY|20250123|20250117::L000006,NIFTY,OPTIDX,2025-01-23,23200.0,PE,-1,1,75.0,-75.0,2025-01-17,2025-01-23,146.9,191.5,74.15,-8801.25,5561.25,INTRINSIC_OPEN_PROXY,SETTLE_USED,0.066,0.0667,0.06654,17.06,2683838.0,3647025.0,-2160900.0
2025-01-22,short_straddle,WEEKLY,short_straddle|NIFTY|WEEKLY|20250123|20250117,short_straddle|NIFTY|WEEKLY|20250123|20250117::L000005,NIFTY,OPTIDX,2025-01-23,23200.0,CE,-1,1,75.0,-75.0,2025-01-17,2025-01-23,183.8,46.95,72.35,1904.9999999999993,5426.25,INTRINSIC_OPEN_PROXY,SETTLE_USED,0.066,0.0667,0.0659199999999999,16.77,4596159.0,7578900.0,2128200.0
2025-01-22,short_straddle,WEEKLY,short_straddle|NIFTY|WEEKLY|20250123|20250117,short_straddle|NIFTY|WEEKLY|20250123|20250117::L000006,NIFTY,OPTIDX,2025-01-23,23200.0,PE,-1,1,75.0,-75.0,2025-01-17,2025-01-23,146.9,81.9,191.5,8220.0,6798.750000000109,INTRINSIC_OPEN_PROXY,SETTLE_USED,0.066,0.0667,0.0659199999999999,16.77,1866684.0,4340025.0,693000.0
2025-01-23,short_straddle,WEEKLY,short_straddle|NIFTY|WEEKLY|20250123|20250117,short_straddle|NIFTY|WEEKLY|20250123|20250117::L000005,NIFTY,OPTIDX,2025-01-23,23200.0,CE,-1,1,75.0,-75.0,2025-01-17,2025-01-23,183.8,5.349999999998545,46.95,3120.000000000109,3521.25,INTRINSIC_OPEN_PROXY,SETTLE_USED,0.0662,0.0670999999999999,0.0663199999999999,16.7,16694963.0,17487825.0,9908925.0
2025-01-23,short_straddle,WEEKLY,short_straddle|NIFTY|WEEKLY|20250123|20250117,short_straddle|NIFTY|WEEKLY|20250123|20250117::L000006,NIFTY,OPTIDX,2025-01-23,23200.0,PE,-1,1,75.0,-75.0,2025-01-17,2025-01-23,146.9,0.0,81.9,6142.5,764.9999999999459,INTRINSIC_OPEN_PROXY,SETTLE_USED,0.0662,0.0670999999999999,0.0663199999999999,16.7,25586021.0,38414775.0,34074750.0
2025-01-24,short_straddle,WEEKLY,short_straddle|NIFTY|WEEKLY|20250206|20250124,short_straddle|NIFTY|WEEKLY|20250206|20250124::L000007,NIFTY,OPTIDX,2025-02-06,23100.0,CE,-1,1,75.0,-75.0,2025-01-24,2025-02-06,363.85,363.85,363.85,-0.0,20996.24999999989,INTRINSIC_OPEN_PROXY,SETTLE_USED,0.0661,0.067,0.06604,16.75,9026.0,230475.0,71625.0
2025-01-24,short_straddle,WEEKLY,short_straddle|NIFTY|WEEKLY|20250206|20250124,short_straddle|NIFTY|WEEKLY|20250206|20250124::L000008,NIFTY,OPTIDX,2025-02-06,23100.0,PE,-1,1,75.0,-75.0,2025-01-24,2025-02-06,299.15,299.15,299.15,-0.0,22436.25,INTRINSIC_OPEN_PROXY,SETTLE_USED,0.0661,0.067,0.06604,16.75,19783.0,245625.0,78450.0
2025-01-27,short_straddle,WEEKLY,short_straddle|NIFTY|WEEKLY|20250206|20250124,short_straddle|NIFTY|WEEKLY|20250206|20250124::L000007,NIFTY,OPTIDX,2025-02-06,23100.0,CE,-1,1,75.0,-75.0,2025-01-24,2025-02-06,363.85,231.9,363.85,9896.250000000002,27288.75,INTRINSIC_OPEN_PROXY,SETTLE_USED,0.0661,0.0670999999999999,0.06562,18.13,18531.0,410925.0,180450.0
2025-01-27,short_straddle,WEEKLY,short_straddle|NIFTY|WEEKLY|20250206|20250124,short_straddle|NIFTY|WEEKLY|20250206|20250124::L000008,NIFTY,OPTIDX,2025-02-06,23100.0,PE,-1,1,75.0,-75.0,2025-01-24,2025-02-06,299.15,445.9,299.15,-11006.25,10447.500000000107,INTRINSIC_OPEN_PROXY,SETTLE_USED,0.0661,0.0670999999999999,0.06562,18.13,10057.0,269250.0,23625.0
2025-01-28,short_straddle,WEEKLY,short_straddle|NIFTY|WEEKLY|20250206|20250124,short_straddle|NIFTY|WEEKLY|20250206|20250124::L000007,NIFTY,OPTIDX,2025-02-06,23100.0,CE,-1,1,75.0,-75.0,2025-01-24,2025-02-06,363.85,286.4,231.9,-4087.4999999999977,17392.5,INTRINSIC_OPEN_PROXY,SETTLE_USED,0.0658,0.0668,0.06518,18.2,35338.0,577650.0,166725.0
2025-01-28,short_straddle,WEEKLY,short_straddle|NIFTY|WEEKLY|20250206|20250124,short_straddle|NIFTY|WEEKLY|20250206|20250124::L000008,NIFTY,OPTIDX,2025-02-06,23100.0,PE,-1,1,75.0,-75.0,2025-01-24,2025-02-06,299.15,364.55,445.9,6101.249999999997,22976.250000000055,INTRINSIC_OPEN_PROXY,SETTLE_USED,0.0658,0.0668,0.06518,18.2,22249.0,440400.0,171150.0
2025-01-29,short_straddle,WEEKLY,short_straddle|NIFTY|WEEKLY|20250206|20250124,short_straddle|NIFTY|WEEKLY|20250206|20250124::L000007,NIFTY,OPTIDX,2025-02-06,23100.0,CE,-1,1,75.0,-75.0,2025-01-24,2025-02-06,363.85,398.35,286.4,-8396.250000000004,21480.0,INTRINSIC_OPEN_PROXY,SETTLE_USED,0.0659,0.0668,0.0654199999999999,18.64,59506.0,806850.0,229200.0
2025-01-29,short_straddle,WEEKLY,short_straddle|NIFTY|WEEKLY|20250206|20250124,short_straddle|NIFTY|WEEKLY|20250206|20250124::L000008,NIFTY,OPTIDX,2025-02-06,23100.0,PE,-1,1,75.0,-75.0,2025-01-24,2025-02-06,299.15,294.65,364.55,5242.500000000003,21847.5,INTRINSIC_OPEN_PROXY,SETTLE_USED,0.0659,0.0668,0.0654199999999999,18.64,55362.0,888075.0,447675.0
2025-01-30,short_straddle,WEEKLY,short_straddle|NIFTY|WEEKLY|20250206|20250124,short_straddle|NIFTY|WEEKLY|20250206|20250124::L000007,NIFTY,OPTIDX,2025-02-06,23100.0,CE,-1,1,75.0,-75.0,2025-01-24,2025-02-06,363.85,441.2,398.35,-3213.7499999999973,24663.75,INTRINSIC_OPEN_PROXY,SETTLE_USED,0.0658,0.0668,0.06545,17.39,45417.0,759150.0,-47700.0
2025-01-30,short_straddle,WEEKLY,short_straddle|NIFTY|WEEKLY|20250206|20250124,short_straddle|NIFTY|WEEKLY|20250206|20250124::L000008,NIFTY,OPTIDX,2025-02-06,23100.0,PE,-1,1,75.0,-75.0,2025-01-24,2025-02-06,299.15,208.35,294.65,6472.499999999999,22098.75,INTRINSIC_OPEN_PROXY,SETTLE_USED,0.0658,0.0668,0.06545,17.39,79846.0,1073475.0,185400.0
2025-01-31,short_straddle,MONTHLY,short_straddle|NIFTY|MONTHLY|20250227|20250131,short_straddle|NIFTY|MONTHLY|20250227|20250131::L000001,NIFTY,OPTIDX,2025-02-27,23500.0,CE,-1,1,75.0,-75.0,2025-01-31,2025-02-27,470.3,470.3,470.3,-0.0,35272.5,INTRINSIC_OPEN_PROXY,SETTLE_USED,0.0657,0.0665,0.06573,16.25,82378.0,3998700.0,1395975.0
2025-01-31,short_straddle,MONTHLY,short_straddle|NIFTY|MONTHLY|20250227|20250131,short_straddle|NIFTY|MONTHLY|20250227|20250131::L000002,NIFTY,OPTIDX,2025-02-27,23500.0,PE,-1,1,75.0,-75.0,2025-01-31,2025-02-27,348.15,348.15,348.15,-0.0,10867.499999999998,INTRINSIC_OPEN_PROXY,SETTLE_USED,0.0657,0.0665,0.06573,16.25,89672.0,4603275.0,1629825.0
2025-01-31,short_straddle,WEEKLY,short_straddle|NIFTY|WEEKLY|20250206|20250124,short_straddle|NIFTY|WEEKLY|20250206|20250124::L000007,NIFTY,OPTIDX,2025-02-06,23100.0,CE,-1,1,75.0,-75.0,2025-01-24,2025-02-06,363.85,567.5,441.2,-9472.5,18333.75,INTRINSIC_OPEN_PROXY,SETTLE_USED,0.0657,0.0665,0.06573,16.25,29073.0,825600.0,66450.0
2025-01-31,short_straddle,WEEKLY,short_straddle|NIFTY|WEEKLY|20250206|20250124,short_straddle|NIFTY|WEEKLY|20250206|20250124::L000008,NIFTY,OPTIDX,2025-02-06,23100.0,PE,-1,1,75.0,-75.0,2025-01-24,2025-02-06,299.15,97.15,208.35,8340.0,15626.25,INTRINSIC_OPEN_PROXY,SETTLE_USED,0.0657,0.0665,0.06573,16.25,305121.0,2166600.0,1093125.0
2025-02-03,short_straddle,MONTHLY,short_straddle|NIFTY|MONTHLY|20250227|20250131,short_straddle|NIFTY|MONTHLY|20250227|20250131::L000001,NIFTY,OPTIDX,2025-02-27,23500.0,CE,-1,1,75.0,-75.0,2025-01-31,2025-02-27,470.3,295.8,470.3,13087.5,35272.5,INTRINSIC_OPEN_PROXY,SETTLE_USED,0.0657,0.0666,0.0653099999999999,14.35,58023.0,4236150.0,235425.0
2025-02-03,short_straddle,MONTHLY,short_straddle|NIFTY|MONTHLY|20250227|20250131,short_straddle|NIFTY|MONTHLY|20250227|20250131::L000002,NIFTY,OPTIDX,2025-02-27,23500.0,PE,-1,1,75.0,-75.0,2025-01-31,2025-02-27,348.15,350.5,348.15,-176.2500000000017,12562.499999999889,INTRINSIC_OPEN_PROXY,SETTLE_USED,0.0657,0.0666,0.0653099999999999,14.35,45170.0,4310700.0,-418275.0
2025-02-03,short_straddle,WEEKLY,short_straddle|NIFTY|WEEKLY|20250206|20250124,short_straddle|NIFTY|WEEKLY|20250206|20250124::L000007,NIFTY,OPTIDX,2025-02-06,23100.0,CE,-1,1,75.0,-75.0,2025-01-24,2025-02-06,363.85,323.95,567.5,18266.25,26111.25000000011,INTRINSIC_OPEN_PROXY,SETTLE_USED,0.0657,0.0666,0.0653099999999999,14.35,140798.0,816750.0,73350.0
2025-02-03,short_straddle,WEEKLY,short_straddle|NIFTY|WEEKLY|20250206|20250124,short_straddle|NIFTY|WEEKLY|20250206|20250124::L000008,NIFTY,OPTIDX,2025-02-06,23100.0,PE,-1,1,75.0,-75.0,2025-01-24,2025-02-06,299.15,36.5,97.15,4548.75,7286.25,INTRINSIC_OPEN_PROXY,SETTLE_USED,0.0657,0.0666,0.0653099999999999,14.35,969345.0,4104525.0,874275.0
2025-02-04,short_straddle,MONTHLY,short_straddle|NIFTY|MONTHLY|20250227|20250131,short_straddle|NIFTY|MONTHLY|20250227|20250131::L000001,NIFTY,OPTIDX,2025-02-27,23500.0,CE,-1,1,75.0,-75.0,2025-01-31,2025-02-27,470.3,486.25,295.8,-14283.75,21442.49999999989,INTRINSIC_OPEN_PROXY,SETTLE_USED,0.0654,0.0665,0.0650999999999999,14.02,97870.0,3503400.0,-732750.0
2025-02-04,short_straddle,MONTHLY,short_straddle|NIFTY|MONTHLY|20250227|20250131,short_straddle|NIFTY|MONTHLY|20250227|20250131::L000002,NIFTY,OPTIDX,2025-02-27,23500.0,PE,-1,1,75.0,-75.0,2025-01-31,2025-02-27,348.15,200.8,350.5,11227.5,26287.5,INTRINSIC_OPEN_PROXY,SETTLE_USED,0.0654,0.0665,0.0650999999999999,14.02,106699.0,4580100.0,269400.0
2025-02-04,short_straddle,WEEKLY,short_straddle|NIFTY|WEEKLY|20250206|20250124,short_straddle|NIFTY|WEEKLY|20250206|20250124::L000007,NIFTY,OPTIDX,2025-02-06,23100.0,CE,-1,1,75.0,-75.0,2025-01-24,2025-02-06,363.85,607.3,323.95,-21251.249999999996,-6446.25000000011,INTRINSIC_OPEN_PROXY,SETTLE_USED,0.0654,0.0665,0.0650999999999999,14.02,16832.0,724350.0,-92400.0
2025-02-04,short_straddle,WEEKLY,short_straddle|NIFTY|WEEKLY|20250206|20250124,short_straddle|NIFTY|WEEKLY|20250206|20250124::L000008,NIFTY,OPTIDX,2025-02-06,23100.0,PE,-1,1,75.0,-75.0,2025-01-24,2025-02-06,299.15,6.35,36.5,2261.25,2737.5,INTRINSIC_OPEN_PROXY,SETTLE_USED,0.0654,0.0665,0.0650999999999999,14.02,1105861.0,5001150.0,896625.0
2025-02-05,short_straddle,MONTHLY,short_straddle|NIFTY|MONTHLY|20250227|20250131,short_straddle|NIFTY|MONTHLY|20250227|20250131::L000001,NIFTY,OPTIDX,2025-02-27,23500.0,CE,-1,1,75.0,-75.0,2025-01-31,2025-02-27,470.3,468.95,486.25,1297.500000000001,13837.5,INTRINSIC_OPEN_PROXY,SETTLE_USED,0.0648,0.0661,0.06616,14.08,24612.0,3250275.0,-253125.0
2025-02-05,short_straddle,MONTHLY,short_straddle|NIFTY|MONTHLY|20250227|20250131,short_straddle|NIFTY|MONTHLY|20250227|20250131::L000002,NIFTY,OPTIDX,2025-02-27,23500.0,PE,-1,1,75.0,-75.0,2025-01-31,2025-02-27,348.15,195.85,200.8,371.25000000000125,15060.0,INTRINSIC_OPEN_PROXY,SETTLE_USED,0.0648,0.0661,0.06616,14.08,43088.0,4402275.0,-177825.0
2025-02-05,short_straddle,WEEKLY,short_straddle|NIFTY|WEEKLY|20250206|20250124,short_straddle|NIFTY|WEEKLY|20250206|20250124::L000007,NIFTY,OPTIDX,2025-02-06,23100.0,CE,-1,1,75.0,-75.0,2025-01-24,2025-02-06,363.85,580.85,607.3,1983.749999999995,-7083.750000000004,INTRINSIC_OPEN_PROXY,SETTLE_USED,0.0648,0.0661,0.06616,14.08,1254.0,715800.0,-8550.0
2025-02-05,short_straddle,WEEKLY,short_straddle|NIFTY|WEEKLY|20250206|20250124,short_straddle|NIFTY|WEEKLY|20250206|20250124::L000008,NIFTY,OPTIDX,2025-02-06,23100.0,PE,-1,1,75.0,-75.0,2025-01-24,2025-02-06,299.15,2.9,6.35,258.75,476.25,INTRINSIC_OPEN_PROXY,SETTLE_USED,0.0648,0.0661,0.06616,14.08,807755.0,7113825.0,2112675.0
2025-02-06,short_straddle,MONTHLY,short_straddle|NIFTY|MONTHLY|20250227|20250131,short_straddle|NIFTY|MONTHLY|20250227|20250131::L000001,NIFTY,OPTIDX,2025-02-27,23500.0,CE,-1,1,75.0,-75.0,2025-01-31,2025-02-27,470.3,411.35,468.95,4319.999999999997,15524.999999999945,INTRINSIC_OPEN_PROXY,SETTLE_USED,0.0645,0.0657,0.06522,14.18,27438.0,3311925.0,61650.0
2025-02-06,short_straddle,MONTHLY,short_straddle|NIFTY|MONTHLY|20250227|20250131,short_straddle|NIFTY|MONTHLY|20250227|20250131::L000002,NIFTY,OPTIDX,2025-02-27,23500.0,PE,-1,1,75.0,-75.0,2025-01-31,2025-02-27,348.15,220.55,195.85,-1852.5000000000014,14688.75,INTRINSIC_OPEN_PROXY,SETTLE_USED,0.0645,0.0657,0.06522,14.18,44740.0,4509675.0,107400.0
2025-02-06,short_straddle,WEEKLY,short_straddle|NIFTY|WEEKLY|20250206|20250124,short_straddle|NIFTY|WEEKLY|20250206|20250124::L000007,NIFTY,OPTIDX,2025-02-06,23100.0,CE,-1,1,75.0,-75.0,2025-01-24,2025-02-06,363.85,503.34999999999854,580.85,5812.500000000111,-6082.500000000053,INTRINSIC_OPEN_PROXY,SETTLE_USED,0.0645,0.0657,0.06522,14.18,2742.0,709875.0,-5925.0
2025-02-06,short_straddle,WEEKLY,short_straddle|NIFTY|WEEKLY|20250206|20250124,short_straddle|NIFTY|WEEKLY|20250206|20250124::L000008,NIFTY,OPTIDX,2025-02-06,23100.0,PE,-1,1,75.0,-75.0,2025-01-24,2025-02-06,299.15,0.0,2.9,217.5,217.5,INTRINSIC_OPEN_PROXY,SETTLE_USED,0.0645,0.0657,0.06522,14.18,1468550.0,6176925.0,-936900.0
2025-02-07,short_straddle,MONTHLY,short_straddle|NIFTY|MONTHLY|20250227|20250131,short_straddle|NIFTY|MONTHLY|20250227|20250131::L000001,NIFTY,OPTIDX,2025-02-27,23500.0,CE,-1,1,75.0,-75.0,2025-01-31,2025-02-27,470.3,341.95,411.35,5205.000000000003,19638.75,INTRINSIC_OPEN_PROXY,SETTLE_USED,0.0642,0.0654,0.06548,13.69,72376.0,3507150.0,195225.0
2025-02-07,short_straddle,MONTHLY,short_straddle|NIFTY|MONTHLY|20250227|20250131,short_straddle|NIFTY|MONTHLY|20250227|20250131::L000002,NIFTY,OPTIDX,2025-02-27,23500.0,PE,-1,1,75.0,-75.0,2025-01-31,2025-02-27,348.15,226.85,220.55,-472.49999999999875,16541.25,INTRINSIC_OPEN_PROXY,SETTLE_USED,0.0642,0.0654,0.06548,13.69,92424.0,4501875.0,-7800.0
2025-02-07,short_straddle,WEEKLY,short_straddle|NIFTY|WEEKLY|20250213|20250207,short_straddle|NIFTY|WEEKLY|20250213|20250207::L000009,NIFTY,OPTIDX,2025-02-13,23550.0,CE,-1,1,75.0,-75.0,2025-02-07,2025-02-13,158.8,158.8,158.8,-0.0,4447.500000000001,INTRINSIC_OPEN_PROXY,SETTLE_USED,0.0642,0.0654,0.06548,13.69,817132.0,1199775.0,876300.0
2025-02-07,short_straddle,WEEKLY,short_straddle|NIFTY|WEEKLY|20250213|20250207,short_straddle|NIFTY|WEEKLY|20250213|20250207::L000010,NIFTY,OPTIDX,2025-02-13,23550.0,PE,-1,1,75.0,-75.0,2025-02-07,2025-02-13,143.0,143.0,143.0,-0.0,10725.0,INTRINSIC_OPEN_PROXY,SETTLE_USED,0.0642,0.0654,0.06548,13.69,1272990.0,1076250.0,641850.0
2025-02-10,short_straddle,MONTHLY,short_straddle|NIFTY|MONTHLY|20250227|20250131,short_straddle|NIFTY|MONTHLY|20250227|20250131::L000001,NIFTY,OPTIDX,2025-02-27,23500.0,CE,-1,1,75.0,-75.0,2025-01-31,2025-02-27,470.3,254.6,341.95,6551.25,22361.250000000055,INTRINSIC_OPEN_PROXY,SETTLE_USED,0.0645,0.0655999999999999,0.06525,14.45,69422.0,4124175.0,617025.0
2025-02-10,short_straddle,MONTHLY,short_straddle|NIFTY|MONTHLY|20250227|20250131,short_straddle|NIFTY|MONTHLY|20250227|20250131::L000002,NIFTY,OPTIDX,2025-02-27,23500.0,PE,-1,1,75.0,-75.0,2025-01-31,2025-02-27,348.15,293.05,226.85,-4965.000000000001,17013.75,INTRINSIC_OPEN_PROXY,SETTLE_USED,0.0645,0.0655999999999999,0.06525,14.45,72879.0,4332000.0,-169875.0
2025-02-10,short_straddle,WEEKLY,short_straddle|NIFTY|WEEKLY|20250213|20250207,short_straddle|NIFTY|WEEKLY|20250213|20250207::L000009,NIFTY,OPTIDX,2025-02-13,23550.0,CE,-1,1,75.0,-75.0,2025-02-07,2025-02-13,158.8,82.3,158.8,5737.500000000001,11910.0,INTRINSIC_OPEN_PROXY,SETTLE_USED,0.0645,0.0655999999999999,0.06525,14.45,791890.0,2277450.0,1077675.0
2025-02-10,short_straddle,WEEKLY,short_straddle|NIFTY|WEEKLY|20250213|20250207,short_straddle|NIFTY|WEEKLY|20250213|20250207::L000010,NIFTY,OPTIDX,2025-02-13,23550.0,PE,-1,1,75.0,-75.0,2025-02-07,2025-02-13,143.0,215.2,143.0,-5414.999999999999,10259.999999999945,INTRINSIC_OPEN_PROXY,SETTLE_USED,0.0645,0.0655999999999999,0.06525,14.45,253938.0,648600.0,-427650.0
2025-02-11,short_straddle,MONTHLY,short_straddle|NIFTY|MONTHLY|20250227|20250131,short_straddle|NIFTY|MONTHLY|20250227|20250131::L000001,NIFTY,OPTIDX,2025-02-27,23500.0,CE,-1,1,75.0,-75.0,2025-01-31,2025-02-27,470.3,124.8,254.6,9735.0,19095.0,INTRINSIC_OPEN_PROXY,SETTLE_USED,0.0645,0.0655,0.06595,14.87,134665.0,5131275.0,1007100.0
2025-02-11,short_straddle,MONTHLY,short_straddle|NIFTY|MONTHLY|20250227|20250131,short_straddle|NIFTY|MONTHLY|20250227|20250131::L000002,NIFTY,OPTIDX,2025-02-27,23500.0,PE,-1,1,75.0,-75.0,2025-01-31,2025-02-27,348.15,469.35,293.05,-13222.5,13244.999999999945,INTRINSIC_OPEN_PROXY,SETTLE_USED,0.0645,0.0655,0.06595,14.87,63399.0,4079025.0,-252975.0
2025-02-11,short_straddle,WEEKLY,short_straddle|NIFTY|WEEKLY|20250213|20250207,short_straddle|NIFTY|WEEKLY|20250213|20250207::L000009,NIFTY,OPTIDX,2025-02-13,23550.0,CE,-1,1,75.0,-75.0,2025-02-07,2025-02-13,158.8,11.85,82.3,5283.75,6172.5,INTRINSIC_OPEN_PROXY,SETTLE_USED,0.0645,0.0655,0.06595,14.87,792353.0,3582675.0,1305225.0
2025-02-11,short_straddle,WEEKLY,short_straddle|NIFTY|WEEKLY|20250213|20250207,short_straddle|NIFTY|WEEKLY|20250213|20250207::L000010,NIFTY,OPTIDX,2025-02-13,23550.0,PE,-1,1,75.0,-75.0,2025-02-07,2025-02-13,143.0,460.0,215.2,-18360.0,3656.2499999999445,INTRINSIC_OPEN_PROXY,SETTLE_USED,0.0645,0.0655,0.06595,14.87,49207.0,367125.0,-281475.0
2025-02-12,short_straddle,MONTHLY,short_straddle|NIFTY|MONTHLY|20250227|20250131,short_straddle|NIFTY|MONTHLY|20250227|20250131::L000001,NIFTY,OPTIDX,2025-02-27,23500.0,CE,-1,1,75.0,-75.0,2025-01-31,2025-02-27,470.3,105.25,124.8,1466.2499999999998,9360.0,INTRINSIC_OPEN_PROXY,SETTLE_USED,0.0645,0.0655,0.06593,14.9,153680.0,5760975.0,629700.0
2025-02-12,short_straddle,MONTHLY,short_straddle|NIFTY|MONTHLY|20250227|20250131,short_straddle|NIFTY|MONTHLY|20250227|20250131::L000002,NIFTY,OPTIDX,2025-02-27,23500.0,PE,-1,1,75.0,-75.0,2025-01-31,2025-02-27,348.15,477.35,469.35,-600.0,1511.2499999999472,INTRINSIC_OPEN_PROXY,SETTLE_USED,0.0645,0.0655,0.06593,14.9,33348.0,3746025.0,-333000.0
2025-02-12,short_straddle,WEEKLY,short_straddle|NIFTY|WEEKLY|20250213|20250207,short_straddle|NIFTY|WEEKLY|20250213|20250207::L000009,NIFTY,OPTIDX,2025-02-13,23550.0,CE,-1,1,75.0,-75.0,2025-02-07,2025-02-13,158.8,2.95,11.85,667.4999999999999,888.75,INTRINSIC_OPEN_PROXY,SETTLE_USED,0.0645,0.0655,0.06593,14.9,1965453.0,5485725.0,1903050.0
2025-02-12,short_straddle,WEEKLY,short_straddle|NIFTY|WEEKLY|20250213|20250207,short_straddle|NIFTY|WEEKLY|20250213|20250207::L000010,NIFTY,OPTIDX,2025-02-13,23550.0,PE,-1,1,75.0,-75.0,2025-02-07,2025-02-13,143.0,505.45,460.0,-3408.749999999999,-2940.0000000000546,INTRINSIC_OPEN_PROXY,SETTLE_USED,0.0645,0.0655,0.06593,14.9,4737.0,301050.0,-66075.0
2025-02-13,short_straddle,MONTHLY,short_straddle|NIFTY|MONTHLY|20250227|20250131,short_straddle|NIFTY|MONTHLY|20250227|20250131::L000001,NIFTY,OPTIDX,2025-02-27,23500.0,CE,-1,1,75.0,-75.0,2025-01-31,2025-02-27,470.3,91.4,105.25,1038.7499999999995,7893.75,INTRINSIC_OPEN_PROXY,SETTLE_USED,0.0646,0.0657,0.06619,14.96,131832.0,5622825.0,-138150.0
2025-02-13,short_straddle,MONTHLY,short_straddle|NIFTY|MONTHLY|20250227|20250131,short_straddle|NIFTY|MONTHLY|20250227|20250131::L000002,NIFTY,OPTIDX,2025-02-27,23500.0,PE,-1,1,75.0,-75.0,2025-01-31,2025-02-27,348.15,480.8,477.35,-258.74999999999915,2482.500000000002,INTRINSIC_OPEN_PROXY,SETTLE_USED,0.0646,0.0657,0.06619,14.96,33708.0,3755100.0,9075.0
2025-02-13,short_straddle,WEEKLY,short_straddle|NIFTY|WEEKLY|20250213|20250207,short_straddle|NIFTY|WEEKLY|20250213|20250207::L000009,NIFTY,OPTIDX,2025-02-13,23550.0,CE,-1,1,75.0,-75.0,2025-02-07,2025-02-13,158.8,0.0,2.95,221.25,221.25,INTRINSIC_OPEN_PROXY,SETTLE_USED,0.0646,0.0657,0.06619,14.96,2373106.0,4777050.0,-708675.0
2025-02-13,short_straddle,WEEKLY,short_straddle|NIFTY|WEEKLY|20250213|20250207,short_straddle|NIFTY|WEEKLY|20250213|20250207::L000010,NIFTY,OPTIDX,2025-02-13,23550.0,PE,-1,1,75.0,-75.0,2025-02-07,2025-02-13,143.0,518.5999999999985,505.45,-986.2499999998918,839.9999999999991,INTRINSIC_OPEN_PROXY,SETTLE_USED,0.0646,0.0657,0.06619,14.96,8066.0,244050.0,-57000.0
2025-02-14,short_straddle,MONTHLY,short_straddle|NIFTY|MONTHLY|20250227|20250131,short_straddle|NIFTY|MONTHLY|20250227|20250131::L000001,NIFTY,OPTIDX,2025-02-27,23500.0,CE,-1,1,75.0,-75.0,2025-01-31,2025-02-27,470.3,60.8,91.4,2295.0000000000005,6855.0,INTRINSIC_OPEN_PROXY,SETTLE_USED,0.0645,0.0657,0.066,15.02,180545.0,6297075.0,674250.0
2025-02-14,short_straddle,MONTHLY,short_straddle|NIFTY|MONTHLY|20250227|20250131,short_straddle|NIFTY|MONTHLY|20250227|20250131::L000002,NIFTY,OPTIDX,2025-02-27,23500.0,PE,-1,1,75.0,-75.0,2025-01-31,2025-02-27,348.15,564.75,480.8,-6296.249999999999,5793.7500000000555,INTRINSIC_OPEN_PROXY,SETTLE_USED,0.0645,0.0657,0.066,15.02,32509.0,3486675.0,-268425.0
2025-02-14,short_straddle,WEEKLY,short_straddle|NIFTY|WEEKLY|20250220|20250214,short_straddle|NIFTY|WEEKLY|20250220|20250214::L000011,NIFTY,OPTIDX,2025-02-20,22950.0,CE,-1,1,75.0,-75.0,2025-02-14,2025-02-20,175.7,175.7,175.7,-0.0,2193.7499999999445,INTRINSIC_OPEN_PROXY,SETTLE_USED,0.0645,0.0657,0.066,15.02,739085.0,924300.0,716700.0
2025-02-14,short_straddle,WEEKLY,short_straddle|NIFTY|WEEKLY|20250220|20250214,short_straddle|NIFTY|WEEKLY|20250220|20250214::L000012,NIFTY,OPTIDX,2025-02-20,22950.0,PE,-1,1,75.0,-75.0,2025-02-14,2025-02-20,159.5,159.5,159.5,-0.0,11962.5,INTRINSIC_OPEN_PROXY,SETTLE_USED,0.0645,0.0657,0.066,15.02,949364.0,775725.0,360450.0
2025-02-17,short_straddle,MONTHLY,short_straddle|NIFTY|MONTHLY|20250227|20250131,short_straddle|NIFTY|MONTHLY|20250227|20250131::L000001,NIFTY,OPTIDX,2025-02-27,23500.0,CE,-1,1,75.0,-75.0,2025-01-31,2025-02-27,470.3,58.75,60.8,153.74999999999977,4560.0,INTRINSIC_OPEN_PROXY,SETTLE_USED,0.0648,0.0658,0.06616,15.72,192020.0,6793350.0,496275.0
2025-02-17,short_straddle,MONTHLY,short_straddle|NIFTY|MONTHLY|20250227|20250131,short_straddle|NIFTY|MONTHLY|20250227|20250131::L000002,NIFTY,OPTIDX,2025-02-27,23500.0,PE,-1,1,75.0,-75.0,2025-01-31,2025-02-27,348.15,529.6,564.75,2636.249999999998,-9401.24999999989,INTRINSIC_OPEN_PROXY,SETTLE_USED,0.0648,0.0658,0.06616,15.72,13467.0,3469200.0,-17475.0
2025-02-17,short_straddle,WEEKLY,short_straddle|NIFTY|WEEKLY|20250220|20250214,short_straddle|NIFTY|WEEKLY|20250220|20250214::L000011,NIFTY,OPTIDX,2025-02-20,22950.0,CE,-1,1,75.0,-75.0,2025-02-14,2025-02-20,175.7,173.6,175.7,157.49999999999957,13177.5,INTRINSIC_OPEN_PROXY,SETTLE_USED,0.0648,0.0658,0.06616,15.72,1124741.0,1364325.0,440025.0
2025-02-17,short_straddle,WEEKLY,short_straddle|NIFTY|WEEKLY|20250220|20250214,short_straddle|NIFTY|WEEKLY|20250220|20250214::L000012,NIFTY,OPTIDX,2025-02-20,22950.0,PE,-1,1,75.0,-75.0,2025-02-14,2025-02-20,159.5,133.6,159.5,1942.5000000000005,1455.0000000001091,INTRINSIC_OPEN_PROXY,SETTLE_USED,0.0648,0.0658,0.06616,15.72,618109.0,1161900.0,386175.0
2025-02-18,short_straddle,MONTHLY,short_straddle|NIFTY|MONTHLY|20250227|20250131,short_straddle|NIFTY|MONTHLY|20250227|20250131::L000001,NIFTY,OPTIDX,2025-02-27,23500.0,CE,-1,1,75.0,-75.0,2025-01-31,2025-02-27,470.3,39.15,58.75,1470.0,4406.25,INTRINSIC_OPEN_PROXY,SETTLE_USED,0.0648,0.0658,0.06598,15.67,169564.0,6359775.0,-433575.0
2025-02-18,short_straddle,MONTHLY,short_straddle|NIFTY|MONTHLY|20250227|20250131,short_straddle|NIFTY|MONTHLY|20250227|20250131::L000002,NIFTY,OPTIDX,2025-02-27,23500.0,PE,-1,1,75.0,-75.0,2025-01-31,2025-02-27,348.15,559.5,529.6,-2242.499999999998,-506.24999999988916,INTRINSIC_OPEN_PROXY,SETTLE_USED,0.0648,0.0658,0.06598,15.67,13105.0,3354225.0,-114975.0
2025-02-18,short_straddle,WEEKLY,short_straddle|NIFTY|WEEKLY|20250220|20250214,short_straddle|NIFTY|WEEKLY|20250220|20250214::L000011,NIFTY,OPTIDX,2025-02-20,22950.0,CE,-1,1,75.0,-75.0,2025-02-14,2025-02-20,175.7,118.55,173.6,4128.75,11996.24999999989,INTRINSIC_OPEN_PROXY,SETTLE_USED,0.0648,0.0658,0.06598,15.67,1417848.0,2266125.0,901800.0
2025-02-18,short_straddle,WEEKLY,short_straddle|NIFTY|WEEKLY|20250220|20250214,short_straddle|NIFTY|WEEKLY|20250220|20250214::L000012,NIFTY,OPTIDX,2025-02-20,22950.0,PE,-1,1,75.0,-75.0,2025-02-14,2025-02-20,159.5,119.05,133.6,1091.2499999999998,10020.0,INTRINSIC_OPEN_PROXY,SETTLE_USED,0.0648,0.0658,0.06598,15.67,1042340.0,1711200.0,549300.0
2025-02-19,short_straddle,MONTHLY,short_straddle|NIFTY|MONTHLY|20250227|20250131,short_straddle|NIFTY|MONTHLY|20250227|20250131::L000001,NIFTY,OPTIDX,2025-02-27,23500.0,CE,-1,1,75.0,-75.0,2025-01-31,2025-02-27,470.3,27.1,39.15,903.7499999999998,2936.25,INTRINSIC_OPEN_PROXY,SETTLE_USED,0.0648,0.0658,0.06598,15.42,244227.0,6775800.0,416025.0
2025-02-19,short_straddle,MONTHLY,short_straddle|NIFTY|MONTHLY|20250227|20250131,short_straddle|NIFTY|MONTHLY|20250227|20250131::L000002,NIFTY,OPTIDX,2025-02-27,23500.0,PE,-1,1,75.0,-75.0,2025-01-31,2025-02-27,348.15,559.0,559.5,37.5,-6993.75,INTRINSIC_OPEN_PROXY,SETTLE_USED,0.0648,0.0658,0.06598,15.42,16733.0,3296025.0,-58200.0
2025-02-19,short_straddle,WEEKLY,short_straddle|NIFTY|WEEKLY|20250220|20250214,short_straddle|NIFTY|WEEKLY|20250220|20250214::L000011,NIFTY,OPTIDX,2025-02-20,22950.0,CE,-1,1,75.0,-75.0,2025-02-14,2025-02-20,175.7,76.1,118.55,3183.75,8891.25,INTRINSIC_OPEN_PROXY,SETTLE_USED,0.0648,0.0658,0.06598,15.42,2978176.0,2999550.0,733425.0
2025-02-19,short_straddle,WEEKLY,short_straddle|NIFTY|WEEKLY|20250220|20250214,short_straddle|NIFTY|WEEKLY|20250220|20250214::L000012,NIFTY,OPTIDX,2025-02-20,22950.0,PE,-1,1,75.0,-75.0,2025-02-14,2025-02-20,159.5,88.25,119.05,2310.0,1222.4999999999998,INTRINSIC_OPEN_PROXY,SETTLE_USED,0.0648,0.0658,0.06598,15.42,3111675.0,1955325.0,244125.0
2025-02-20,short_straddle,MONTHLY,short_straddle|NIFTY|MONTHLY|20250227|20250131,short_straddle|NIFTY|MONTHLY|20250227|20250131::L000001,NIFTY,OPTIDX,2025-02-27,23500.0,CE,-1,1,75.0,-75.0,2025-01-31,2025-02-27,470.3,13.9,27.1,990.0000000000001,2032.5,INTRINSIC_OPEN_PROXY,SETTLE_USED,0.0644,0.0655999999999999,0.06575,14.68,351371.0,9259500.0,2483700.0
2025-02-20,short_straddle,MONTHLY,short_straddle|NIFTY|MONTHLY|20250227|20250131,short_straddle|NIFTY|MONTHLY|20250227|20250131::L000002,NIFTY,OPTIDX,2025-02-27,23500.0,PE,-1,1,75.0,-75.0,2025-01-31,2025-02-27,348.15,571.25,559.0,-918.75,-8992.50000000011,INTRINSIC_OPEN_PROXY,SETTLE_USED,0.0644,0.0655999999999999,0.06575,14.68,8596.0,3259575.0,-36450.0
2025-02-20,short_straddle,WEEKLY,short_straddle|NIFTY|WEEKLY|20250220|20250214,short_straddle|NIFTY|WEEKLY|20250220|20250214::L000011,NIFTY,OPTIDX,2025-02-20,22950.0,CE,-1,1,75.0,-75.0,2025-02-14,2025-02-20,175.7,0.0,76.1,5707.5,5707.5,INTRINSIC_OPEN_PROXY,SETTLE_USED,0.0644,0.0655999999999999,0.06575,14.68,13137592.0,10041000.0,7041450.0
2025-02-20,short_straddle,WEEKLY,short_straddle|NIFTY|WEEKLY|20250220|20250214,short_straddle|NIFTY|WEEKLY|20250220|20250214::L000012,NIFTY,OPTIDX,2025-02-20,22950.0,PE,-1,1,75.0,-75.0,2025-02-14,2025-02-20,159.5,36.849999999998545,88.25,3855.000000000109,-3048.750000000109,INTRINSIC_OPEN_PROXY,SETTLE_USED,0.0644,0.0655999999999999,0.06575,14.68,4075345.0,3036450.0,1081125.0
2025-02-21,short_straddle,MONTHLY,short_straddle|NIFTY|MONTHLY|20250227|20250131,short_straddle|NIFTY|MONTHLY|20250227|20250131::L000001,NIFTY,OPTIDX,2025-02-27,23500.0,CE,-1,1,75.0,-75.0,2025-01-31,2025-02-27,470.3,5.3,13.9,645.0000000000001,1042.5,INTRINSIC_OPEN_PROXY,SETTLE_USED,0.0646,0.0657,0.06585,14.53,857926.0,9947925.0,688425.0
2025-02-21,short_straddle,MONTHLY,short_straddle|NIFTY|MONTHLY|20250227|20250131,short_straddle|NIFTY|MONTHLY|20250227|20250131::L000002,NIFTY,OPTIDX,2025-02-27,23500.0,PE,-1,1,75.0,-75.0,2025-01-31,2025-02-27,348.15,683.0,571.25,-8381.25,-5366.249999999945,INTRINSIC_OPEN_PROXY,SETTLE_USED,0.0646,0.0657,0.06585,14.53,15260.0,3183150.0,-76425.0
2025-02-21,short_straddle,WEEKLY,short_straddle|NIFTY|WEEKLY|20250306|20250221,short_straddle|NIFTY|WEEKLY|20250306|20250221::L000013,NIFTY,OPTIDX,2025-03-06,22800.0,CE,-1,1,75.0,-75.0,2025-02-21,2025-03-06,264.9,264.9,264.9,-0.0,15577.499999999944,INTRINSIC_OPEN_PROXY,SETTLE_USED,0.0646,0.0657,0.06585,14.53,35863.0,481725.0,280125.0
2025-02-21,short_straddle,WEEKLY,short_straddle|NIFTY|WEEKLY|20250306|20250221,short_straddle|NIFTY|WEEKLY|20250306|20250221::L000014,NIFTY,OPTIDX,2025-03-06,22800.0,PE,-1,1,75.0,-75.0,2025-02-21,2025-03-06,194.6,194.6,194.6,-0.0,14595.0,INTRINSIC_OPEN_PROXY,SETTLE_USED,0.0646,0.0657,0.06585,14.53,58066.0,677325.0,347550.0
2025-02-24,short_straddle,MONTHLY,short_straddle|NIFTY|MONTHLY|20250227|20250131,short_straddle|NIFTY|MONTHLY|20250227|20250131::L000001,NIFTY,OPTIDX,2025-02-27,23500.0,CE,-1,1,75.0,-75.0,2025-01-31,2025-02-27,470.3,2.3,5.3,225.0,397.5,INTRINSIC_OPEN_PROXY,SETTLE_USED,0.0642,0.0654,0.0645,14.44,825560.0,10776975.0,829050.0
2025-02-24,short_straddle,MONTHLY,short_straddle|NIFTY|MONTHLY|20250227|20250131,short_straddle|NIFTY|MONTHLY|20250227|20250131::L000002,NIFTY,OPTIDX,2025-02-27,23500.0,PE,-1,1,75.0,-75.0,2025-01-31,2025-02-27,348.15,888.9,683.0,-15442.499999999998,-15573.75000000011,INTRINSIC_OPEN_PROXY,SETTLE_USED,0.0642,0.0654,0.0645,14.44,8860.0,2969850.0,-213300.0
2025-02-24,short_straddle,WEEKLY,short_straddle|NIFTY|WEEKLY|20250306|20250221,short_straddle|NIFTY|WEEKLY|20250306|20250221::L000013,NIFTY,OPTIDX,2025-03-06,22800.0,CE,-1,1,75.0,-75.0,2025-02-21,2025-03-06,264.9,129.65,264.9,10143.749999999998,19867.5,INTRINSIC_OPEN_PROXY,SETTLE_USED,0.0642,0.0654,0.0645,14.44,63708.0,1424175.0,942450.0
2025-02-24,short_straddle,WEEKLY,short_straddle|NIFTY|WEEKLY|20250306|20250221,short_straddle|NIFTY|WEEKLY|20250306|20250221::L000014,NIFTY,OPTIDX,2025-03-06,22800.0,PE,-1,1,75.0,-75.0,2025-02-21,2025-03-06,194.6,267.15,194.6,-5441.249999999999,296.2499999998904,INTRINSIC_OPEN_PROXY,SETTLE_USED,0.0642,0.0654,0.0645,14.44,39155.0,1010400.0,333075.0
2025-02-25,short_straddle,MONTHLY,short_straddle|NIFTY|MONTHLY|20250227|20250131,short_straddle|NIFTY|MONTHLY|20250227|20250131::L000001,NIFTY,OPTIDX,2025-02-27,23500.0,CE,-1,1,75.0,-75.0,2025-01-31,2025-02-27,470.3,1.4,2.3,67.5,172.5,INTRINSIC_OPEN_PROXY,SETTLE_USED,0.0643,0.0655999999999999,0.0655999999999999,13.72,746722.0,12899550.0,2122575.0
2025-02-25,short_straddle,MONTHLY,short_straddle|NIFTY|MONTHLY|20250227|20250131,short_straddle|NIFTY|MONTHLY|20250227|20250131::L000002,NIFTY,OPTIDX,2025-02-27,23500.0,PE,-1,1,75.0,-75.0,2025-01-31,2025-02-27,348.15,915.25,888.9,-1976.2500000000018,-7098.749999999947,INTRINSIC_OPEN_PROXY,SETTLE_USED,0.0643,0.0655999999999999,0.0655999999999999,13.72,8227.0,2865450.0,-104400.0
2025-02-25,short_straddle,WEEKLY,short_straddle|NIFTY|WEEKLY|20250306|20250221,short_straddle|NIFTY|WEEKLY|20250306|20250221::L000013,NIFTY,OPTIDX,2025-03-06,22800.0,CE,-1,1,75.0,-75.0,2025-02-21,2025-03-06,264.9,84.2,129.65,3408.75,9723.75,INTRINSIC_OPEN_PROXY,SETTLE_USED,0.0643,0.0655999999999999,0.0655999999999999,13.72,85839.0,2079000.0,654825.0
2025-02-25,short_straddle,WEEKLY,short_straddle|NIFTY|WEEKLY|20250306|20250221,short_straddle|NIFTY|WEEKLY|20250306|20250221::L000014,NIFTY,OPTIDX,2025-03-06,22800.0,PE,-1,1,75.0,-75.0,2025-02-21,2025-03-06,194.6,255.4,267.15,881.2499999999978,-1229.9999999999472,INTRINSIC_OPEN_PROXY,SETTLE_USED,0.0643,0.0655999999999999,0.0655999999999999,13.72,25402.0,1214775.0,204375.0
2025-02-27,short_straddle,MONTHLY,short_straddle|NIFTY|MONTHLY|20250227|20250131,short_straddle|NIFTY|MONTHLY|20250227|20250131::L000001,NIFTY,OPTIDX,2025-02-27,23500.0,CE,-1,1,75.0,-75.0,2025-01-31,2025-02-27,470.3,0.0,1.4,105.0,105.0,INTRINSIC_OPEN_PROXY,SETTLE_USED,0.0642,0.0655,0.0654,13.31,752429.0,7597725.0,-5301825.0
2025-02-27,short_straddle,MONTHLY,short_straddle|NIFTY|MONTHLY|20250227|20250131,short_straddle|NIFTY|MONTHLY|20250227|20250131::L000002,NIFTY,OPTIDX,2025-02-27,23500.0,PE,-1,1,75.0,-75.0,2025-01-31,2025-02-27,348.15,954.9500000000007,915.25,-2977.5000000000546,-1184.9999999999454,INTRINSIC_OPEN_PROXY,SETTLE_USED,0.0642,0.0655,0.0654,13.31,13795.0,2569725.0,-295725.0
2025-02-27,short_straddle,WEEKLY,short_straddle|NIFTY|WEEKLY|20250306|20250221,short_straddle|NIFTY|WEEKLY|20250306|20250221::L000013,NIFTY,OPTIDX,2025-03-06,22800.0,CE,-1,1,75.0,-75.0,2025-02-21,2025-03-06,264.9,56.85,84.2,2051.25,6315.0,INTRINSIC_OPEN_PROXY,SETTLE_USED,0.0642,0.0655,0.0654,13.31,148076.0,2865075.0,786075.0
2025-02-27,short_straddle,WEEKLY,short_straddle|NIFTY|WEEKLY|20250306|20250221,short_straddle|NIFTY|WEEKLY|20250306|20250221::L000014,NIFTY,OPTIDX,2025-03-06,22800.0,PE,-1,1,75.0,-75.0,2025-02-21,2025-03-06,194.6,259.3,255.4,-292.50000000000045,1826.250000000055,INTRINSIC_OPEN_PROXY,SETTLE_USED,0.0642,0.0655,0.0654,13.31,32996.0,1438575.0,223800.0
2025-02-28,short_straddle,MONTHLY,short_straddle|NIFTY|MONTHLY|20250327|20250228,short_straddle|NIFTY|MONTHLY|20250327|20250228::L000003,NIFTY,OPTIDX,2025-03-27,22100.0,CE,-1,1,75.0,-75.0,2025-02-28,2025-03-27,419.4,419.4,419.4,-0.0,6449.999999999889,INTRINSIC_OPEN_PROXY,SETTLE_USED,0.0643,0.0655999999999999,0.0657,13.91,7663.0,162825.0,116925.0
2025-02-28,short_straddle,MONTHLY,short_straddle|NIFTY|MONTHLY|20250327|20250228,short_straddle|NIFTY|MONTHLY|20250327|20250228::L000004,NIFTY,OPTIDX,2025-03-27,22100.0,PE,-1,1,75.0,-75.0,2025-02-28,2025-03-27,241.3,241.3,241.3,-0.0,18097.5,INTRINSIC_OPEN_PROXY,SETTLE_USED,0.0643,0.0655999999999999,0.0657,13.91,22943.0,648300.0,178575.0
2025-02-28,short_straddle,WEEKLY,short_straddle|NIFTY|WEEKLY|20250306|20250221,short_straddle|NIFTY|WEEKLY|20250306|20250221::L000013,NIFTY,OPTIDX,2025-03-06,22800.0,CE,-1,1,75.0,-75.0,2025-02-21,2025-03-06,264.9,7.3,56.85,3716.2500000000005,4263.75,INTRINSIC_OPEN_PROXY,SETTLE_USED,0.0643,0.0655999999999999,0.0657,13.91,966837.0,5759400.0,2894325.0
2025-02-28,short_straddle,WEEKLY,short_straddle|NIFTY|WEEKLY|20250306|20250221,short_straddle|NIFTY|WEEKLY|20250306|20250221::L000014,NIFTY,OPTIDX,2025-03-06,22800.0,PE,-1,1,75.0,-75.0,2025-02-21,2025-03-06,194.6,619.15,259.3,-26988.749999999996,-8047.49999999989,INTRINSIC_OPEN_PROXY,SETTLE_USED,0.0643,0.0655999999999999,0.0657,13.91,37108.0,735900.0,-702675.0
2025-03-03,short_straddle,MONTHLY,short_straddle|NIFTY|MONTHLY|20250327|20250228,short_straddle|NIFTY|MONTHLY|20250327|20250228::L000003,NIFTY,OPTIDX,2025-03-27,22100.0,CE,-1,1,75.0,-75.0,2025-02-28,2025-03-27,419.4,388.15,419.4,2343.75,24363.750000000055,INTRINSIC_OPEN_PROXY,SETTLE_USED,0.0644,0.0657,0.0657,13.76,16183.0,316500.0,153675.0
2025-03-03,short_straddle,MONTHLY,short_straddle|NIFTY|MONTHLY|20250327|20250228,short_straddle|NIFTY|MONTHLY|20250327|20250228::L000004,NIFTY,OPTIDX,2025-03-27,22100.0,PE,-1,1,75.0,-75.0,2025-02-28,2025-03-27,241.3,228.0,241.3,997.5000000000009,18097.5,INTRINSIC_OPEN_PROXY,SETTLE_USED,0.0644,0.0657,0.0657,13.76,32306.0,780150.0,131850.0
2025-03-03,short_straddle,WEEKLY,short_straddle|NIFTY|WEEKLY|20250306|20250221,short_straddle|NIFTY|WEEKLY|20250306|20250221::L000013,NIFTY,OPTIDX,2025-03-06,22800.0,CE,-1,1,75.0,-75.0,2025-02-21,2025-03-06,264.9,2.95,7.3,326.25,547.5,INTRINSIC_OPEN_PROXY,SETTLE_USED,0.0644,0.0657,0.0657,13.76,795627.0,7088775.0,1329375.0
2025-03-03,short_straddle,WEEKLY,short_straddle|NIFTY|WEEKLY|20250306|20250221,short_straddle|NIFTY|WEEKLY|20250306|20250221::L000014,NIFTY,OPTIDX,2025-03-06,22800.0,PE,-1,1,75.0,-75.0,2025-02-21,2025-03-06,194.6,643.4,619.15,-1818.75,1027.4999999999436,INTRINSIC_OPEN_PROXY,SETTLE_USED,0.0644,0.0657,0.0657,13.76,8505.0,566925.0,-168975.0
2025-03-04,short_straddle,MONTHLY,short_straddle|NIFTY|MONTHLY|20250327|20250228,short_straddle|NIFTY|MONTHLY|20250327|20250228::L000003,NIFTY,OPTIDX,2025-03-27,22100.0,CE,-1,1,75.0,-75.0,2025-02-28,2025-03-27,419.4,339.05,388.15,3682.4999999999973,29111.25,INTRINSIC_OPEN_PROXY,SETTLE_USED,0.0644,0.0657,0.0658,13.83,19806.0,554850.0,238350.0
2025-03-04,short_straddle,MONTHLY,short_straddle|NIFTY|MONTHLY|20250327|20250228,short_straddle|NIFTY|MONTHLY|20250327|20250228::L000004,NIFTY,OPTIDX,2025-03-27,22100.0,PE,-1,1,75.0,-75.0,2025-02-28,2025-03-27,241.3,249.75,228.0,-1631.25,7683.750000000055,INTRINSIC_OPEN_PROXY,SETTLE_USED,0.0644,0.0657,0.0658,13.83,26667.0,790500.0,10350.0
2025-03-04,short_straddle,WEEKLY,short_straddle|NIFTY|WEEKLY|20250306|20250221,short_straddle|NIFTY|WEEKLY|20250306|20250221::L000013,NIFTY,OPTIDX,2025-03-06,22800.0,CE,-1,1,75.0,-75.0,2025-02-21,2025-03-06,264.9,1.3,2.95,123.75000000000001,221.25,INTRINSIC_OPEN_PROXY,SETTLE_USED,0.0644,0.0657,0.0658,13.83,774799.0,8556675.0,1467900.0
2025-03-04,short_straddle,WEEKLY,short_straddle|NIFTY|WEEKLY|20250306|20250221,short_straddle|NIFTY|WEEKLY|20250306|20250221::L000014,NIFTY,OPTIDX,2025-03-06,22800.0,PE,-1,1,75.0,-75.0,2025-02-21,2025-03-06,194.6,721.8,643.4,-5879.999999999998,-13661.249999999947,INTRINSIC_OPEN_PROXY,SETTLE_USED,0.0644,0.0657,0.0658,13.83,1980.0,525825.0,-41100.0
2025-03-05,short_straddle,MONTHLY,short_straddle|NIFTY|MONTHLY|20250327|20250228,short_straddle|NIFTY|MONTHLY|20250327|20250228::L000003,NIFTY,OPTIDX,2025-03-27,22100.0,CE,-1,1,75.0,-75.0,2025-02-28,2025-03-27,419.4,495.25,339.05,-11715.0,25428.75,INTRINSIC_OPEN_PROXY,SETTLE_USED,0.0645,0.0657,0.0657,13.67,16937.0,459975.0,-94875.0
2025-03-05,short_straddle,MONTHLY,short_straddle|NIFTY|MONTHLY|20250327|20250228,short_straddle|NIFTY|MONTHLY|20250327|20250228::L000004,NIFTY,OPTIDX,2025-03-27,22100.0,PE,-1,1,75.0,-75.0,2025-02-28,2025-03-27,241.3,154.6,249.75,7136.25,16709.999999999945,INTRINSIC_OPEN_PROXY,SETTLE_USED,0.0645,0.0657,0.0657,13.67,28887.0,801375.0,10875.0
2025-03-05,short_straddle,WEEKLY,short_straddle|NIFTY|WEEKLY|20250306|20250221,short_straddle|NIFTY|WEEKLY|20250306|20250221::L000013,NIFTY,OPTIDX,2025-03-06,22800.0,CE,-1,1,75.0,-75.0,2025-02-21,2025-03-06,264.9,1.0,1.3,22.500000000000004,97.5,INTRINSIC_OPEN_PROXY,SETTLE_USED,0.0645,0.0657,0.0657,13.67,1571630.0,9311700.0,755025.0
2025-03-05,short_straddle,WEEKLY,short_straddle|NIFTY|WEEKLY|20250306|20250221,short_straddle|NIFTY|WEEKLY|20250306|20250221::L000014,NIFTY,OPTIDX,2025-03-06,22800.0,PE,-1,1,75.0,-75.0,2025-02-21,2025-03-06,194.6,464.15,721.8,19323.75,-386.250000000058,INTRINSIC_OPEN_PROXY,SETTLE_USED,0.0645,0.0657,0.0657,13.67,8086.0,374700.0,-151125.0
2025-03-06,short_straddle,MONTHLY,short_straddle|NIFTY|MONTHLY|20250327|20250228,short_straddle|NIFTY|MONTHLY|20250327|20250228::L000003,NIFTY,OPTIDX,2025-03-27,22100.0,CE,-1,1,75.0,-75.0,2025-02-28,2025-03-27,419.4,624.1,495.25,-9663.750000000002,8917.50000000011,INTRINSIC_OPEN_PROXY,SETTLE_USED,0.0647,0.0658,0.0655,13.73,4678.0,428025.0,-31950.0
2025-03-06,short_straddle,MONTHLY,short_straddle|NIFTY|MONTHLY|20250327|20250228,short_straddle|NIFTY|MONTHLY|20250327|20250228::L000004,NIFTY,OPTIDX,2025-03-27,22100.0,PE,-1,1,75.0,-75.0,2025-02-28,2025-03-27,241.3,107.4,154.6,3539.999999999999,11595.0,INTRINSIC_OPEN_PROXY,SETTLE_USED,0.0647,0.0658,0.0655,13.73,24689.0,912900.0,111525.0
2025-03-06,short_straddle,WEEKLY,short_straddle|NIFTY|WEEKLY|20250306|20250221,short_straddle|NIFTY|WEEKLY|20250306|20250221::L000013,NIFTY,OPTIDX,2025-03-06,22800.0,CE,-1,1,75.0,-75.0,2025-02-21,2025-03-06,264.9,0.0,1.0,75.0,75.0,INTRINSIC_OPEN_PROXY,SETTLE_USED,0.0647,0.0658,0.0655,13.73,2324524.0,7088775.0,-2222925.0
2025-03-06,short_straddle,WEEKLY,short_straddle|NIFTY|WEEKLY|20250306|20250221,short_straddle|NIFTY|WEEKLY|20250306|20250221::L000014,NIFTY,OPTIDX,2025-03-06,22800.0,PE,-1,1,75.0,-75.0,2025-02-21,2025-03-06,194.6,255.29999999999927,464.15,15663.750000000053,10537.499999999889,INTRINSIC_OPEN_PROXY,SETTLE_USED,0.0647,0.0658,0.0655,13.73,35280.0,250125.0,-124575.0
2025-03-07,short_straddle,MONTHLY,short_straddle|NIFTY|MONTHLY|20250327|20250228,short_straddle|NIFTY|MONTHLY|20250327|20250228::L000003,NIFTY,OPTIDX,2025-03-27,22100.0,CE,-1,1,75.0,-75.0,2025-02-28,2025-03-27,419.4,638.0,624.1,-1042.4999999999982,16158.749999999893,INTRINSIC_OPEN_PROXY,SETTLE_USED,0.0647,0.0658,0.0652,13.47,1214.0,395625.0,-32400.0
2025-03-07,short_straddle,MONTHLY,short_straddle|NIFTY|MONTHLY|20250327|20250228,short_straddle|NIFTY|MONTHLY|20250327|20250228::L000004,NIFTY,OPTIDX,2025-03-27,22100.0,PE,-1,1,75.0,-75.0,2025-02-28,2025-03-27,241.3,90.15,107.4,1293.75,8055.0,INTRINSIC_OPEN_PROXY,SETTLE_USED,0.0647,0.0658,0.0652,13.47,18987.0,1009875.0,96975.0
2025-03-07,short_straddle,WEEKLY,short_straddle|NIFTY|WEEKLY|20250313|20250307,short_straddle|NIFTY|WEEKLY|20250313|20250307::L000015,NIFTY,OPTIDX,2025-03-13,22550.0,CE,-1,1,75.0,-75.0,2025-03-07,2025-03-13,157.6,157.6,157.6,-0.0,11820.0,INTRINSIC_OPEN_PROXY,SETTLE_USED,0.0647,0.0658,0.0652,13.47,1816345.0,2111850.0,987600.0
2025-03-07,short_straddle,WEEKLY,short_straddle|NIFTY|WEEKLY|20250313|20250307,short_straddle|NIFTY|WEEKLY|20250313|20250307::L000016,NIFTY,OPTIDX,2025-03-13,22550.0,PE,-1,1,75.0,-75.0,2025-03-07,2025-03-13,120.2,120.2,120.2,-0.0,5913.750000000109,INTRINSIC_OPEN_PROXY,SETTLE_USED,0.0647,0.0658,0.0652,13.47,1945963.0,2588925.0,1525050.0
2025-03-10,short_straddle,MONTHLY,short_straddle|NIFTY|MONTHLY|20250327|20250228,short_straddle|NIFTY|MONTHLY|20250327|20250228::L000003,NIFTY,OPTIDX,2025-03-27,22100.0,CE,-1,1,75.0,-75.0,2025-02-28,2025-03-27,419.4,531.45,638.0,7991.249999999996,16211.25000000011,INTRINSIC_OPEN_PROXY,SETTLE_USED,0.0647,0.0659,0.0658,13.99,1305.0,382050.0,-13575.0
2025-03-10,short_straddle,MONTHLY,short_straddle|NIFTY|MONTHLY|20250327|20250228,short_straddle|NIFTY|MONTHLY|20250327|20250228::L000004,NIFTY,OPTIDX,2025-03-27,22100.0,PE,-1,1,75.0,-75.0,2025-02-28,2025-03-27,241.3,111.8,90.15,-1623.7499999999993,6761.25,INTRINSIC_OPEN_PROXY,SETTLE_USED,0.0647,0.0659,0.0658,13.99,14467.0,1018800.0,8925.0
2025-03-10,short_straddle,WEEKLY,short_straddle|NIFTY|WEEKLY|20250313|20250307,short_straddle|NIFTY|WEEKLY|20250313|20250307::L000015,NIFTY,OPTIDX,2025-03-13,22550.0,CE,-1,1,75.0,-75.0,2025-03-07,2025-03-13,157.6,79.85,157.6,5831.25,11820.0,INTRINSIC_OPEN_PROXY,SETTLE_USED,0.0647,0.0659,0.0658,13.99,1465872.0,3374250.0,1262400.0
2025-03-10,short_straddle,WEEKLY,short_straddle|NIFTY|WEEKLY|20250313|20250307,short_straddle|NIFTY|WEEKLY|20250313|20250307::L000016,NIFTY,OPTIDX,2025-03-13,22550.0,PE,-1,1,75.0,-75.0,2025-03-07,2025-03-13,120.2,166.9,120.2,-3502.5,6903.749999999891,INTRINSIC_OPEN_PROXY,SETTLE_USED,0.0647,0.0659,0.0658,13.99,1834301.0,1935150.0,-653775.0
2025-03-11,short_straddle,MONTHLY,short_straddle|NIFTY|MONTHLY|20250327|20250228,short_straddle|NIFTY|MONTHLY|20250327|20250228::L000003,NIFTY,OPTIDX,2025-03-27,22100.0,CE,-1,1,75.0,-75.0,2025-02-28,2025-03-27,419.4,561.75,531.45,-2272.4999999999964,21412.49999999995,INTRINSIC_OPEN_PROXY,SETTLE_USED,0.0647,0.0657,0.0658,14.07,2480.0,403950.0,21900.0
2025-03-11,short_straddle,MONTHLY,short_straddle|NIFTY|MONTHLY|20250327|20250228,short_straddle|NIFTY|MONTHLY|20250327|20250228::L000004,NIFTY,OPTIDX,2025-03-27,22100.0,PE,-1,1,75.0,-75.0,2025-02-28,2025-03-27,241.3,96.85,111.8,1121.2500000000002,8385.0,INTRINSIC_OPEN_PROXY,SETTLE_USED,0.0647,0.0657,0.0658,14.07,19549.0,1108650.0,89850.0
2025-03-11,short_straddle,WEEKLY,short_straddle|NIFTY|WEEKLY|20250313|20250307,short_straddle|NIFTY|WEEKLY|20250313|20250307::L000015,NIFTY,OPTIDX,2025-03-13,22550.0,CE,-1,1,75.0,-75.0,2025-03-07,2025-03-13,157.6,79.9,79.85,-3.7500000000008527,5988.75,INTRINSIC_OPEN_PROXY,SETTLE_USED,0.0647,0.0657,0.0658,14.07,1749237.0,3262425.0,-111825.0
2025-03-11,short_straddle,WEEKLY,short_straddle|NIFTY|WEEKLY|20250313|20250307,short_straddle|NIFTY|WEEKLY|20250313|20250307::L000016,NIFTY,OPTIDX,2025-03-13,22550.0,PE,-1,1,75.0,-75.0,2025-03-07,2025-03-13,120.2,128.1,166.9,2910.000000000001,-2786.249999999945,INTRINSIC_OPEN_PROXY,SETTLE_USED,0.0647,0.0657,0.0658,14.07,448525.0,1937550.0,2400.0
2025-03-12,short_straddle,MONTHLY,short_straddle|NIFTY|MONTHLY|20250327|20250228,short_straddle|NIFTY|MONTHLY|20250327|20250228::L000003,NIFTY,OPTIDX,2025-03-27,22100.0,CE,-1,1,75.0,-75.0,2025-02-28,2025-03-27,419.4,514.7,561.75,3528.7499999999964,9405.00000000011,INTRINSIC_OPEN_PROXY,SETTLE_USED,0.0647,0.0658,0.0658,13.69,3109.0,359175.0,-44775.0
2025-03-12,short_straddle,MONTHLY,short_straddle|NIFTY|MONTHLY|20250327|20250228,short_straddle|NIFTY|MONTHLY|20250327|20250228::L000004,NIFTY,OPTIDX,2025-03-27,22100.0,PE,-1,1,75.0,-75.0,2025-02-28,2025-03-27,241.3,87.0,96.85,738.7499999999995,7263.75,INTRINSIC_OPEN_PROXY,SETTLE_USED,0.0647,0.0658,0.0658,13.69,25884.0,963075.0,-145575.0
2025-03-12,short_straddle,WEEKLY,short_straddle|NIFTY|WEEKLY|20250313|20250307,short_straddle|NIFTY|WEEKLY|20250313|20250307::L000015,NIFTY,OPTIDX,2025-03-13,22550.0,CE,-1,1,75.0,-75.0,2025-03-07,2025-03-13,157.6,37.0,79.9,3217.5000000000005,5992.5,INTRINSIC_OPEN_PROXY,SETTLE_USED,0.0647,0.0658,0.0658,13.69,4798097.0,7502625.0,4240200.0
2025-03-12,short_straddle,WEEKLY,short_straddle|NIFTY|WEEKLY|20250313|20250307,short_straddle|NIFTY|WEEKLY|20250313|20250307::L000016,NIFTY,OPTIDX,2025-03-13,22550.0,PE,-1,1,75.0,-75.0,2025-03-07,2025-03-13,120.2,105.9,128.1,1664.999999999999,8583.74999999989,INTRINSIC_OPEN_PROXY,SETTLE_USED,0.0647,0.0658,0.0658,13.69,1370922.0,1390950.0,-546600.0
2025-03-13,short_straddle,MONTHLY,short_straddle|NIFTY|MONTHLY|20250327|20250228,short_straddle|NIFTY|MONTHLY|20250327|20250228::L000003,NIFTY,OPTIDX,2025-03-27,22100.0,CE,-1,1,75.0,-75.0,2025-02-28,2025-03-27,419.4,433.5,514.7,6090.000000000004,5490.000000000004,INTRINSIC_OPEN_PROXY,SETTLE_USED,0.0648,0.066,0.0657,13.28,2615.0,302025.0,-57150.0
2025-03-13,short_straddle,MONTHLY,short_straddle|NIFTY|MONTHLY|20250327|20250228,short_straddle|NIFTY|MONTHLY|20250327|20250228::L000004,NIFTY,OPTIDX,2025-03-27,22100.0,PE,-1,1,75.0,-75.0,2025-02-28,2025-03-27,241.3,89.1,87.0,-157.49999999999957,6525.0,INTRINSIC_OPEN_PROXY,SETTLE_USED,0.0648,0.066,0.0657,13.28,22005.0,1092600.0,129525.0
2025-03-13,short_straddle,WEEKLY,short_straddle|NIFTY|WEEKLY|20250313|20250307,short_straddle|NIFTY|WEEKLY|20250313|20250307::L000015,NIFTY,OPTIDX,2025-03-13,22550.0,CE,-1,1,75.0,-75.0,2025-03-07,2025-03-13,157.6,0.0,37.0,2775.0,2775.0,INTRINSIC_OPEN_PROXY,SETTLE_USED,0.0648,0.066,0.0657,13.28,12388878.0,6589125.0,-913500.0
2025-03-13,short_straddle,WEEKLY,short_straddle|NIFTY|WEEKLY|20250313|20250307,short_straddle|NIFTY|WEEKLY|20250313|20250307::L000016,NIFTY,OPTIDX,2025-03-13,22550.0,PE,-1,1,75.0,-75.0,2025-03-07,2025-03-13,120.2,152.79999999999927,105.9,-3517.499999999945,7305.0,INTRINSIC_OPEN_PROXY,SETTLE_USED,0.0648,0.066,0.0657,13.28,4671257.0,1246575.0,-144375.0
2025-03-17,short_straddle,MONTHLY,short_straddle|NIFTY|MONTHLY|20250327|20250228,short_straddle|NIFTY|MONTHLY|20250327|20250228::L000003,NIFTY,OPTIDX,2025-03-27,22100.0,CE,-1,1,75.0,-75.0,2025-02-28,2025-03-27,419.4,527.8,433.5,-7072.499999999996,13526.24999999989,INTRINSIC_OPEN_PROXY,SETTLE_USED,0.0645,0.0657,0.0655999999999999,13.42,1949.0,273150.0,-28875.0
2025-03-17,short_straddle,MONTHLY,short_straddle|NIFTY|MONTHLY|20250327|20250228,short_straddle|NIFTY|MONTHLY|20250327|20250228::L000004,NIFTY,OPTIDX,2025-03-27,22100.0,PE,-1,1,75.0,-75.0,2025-02-28,2025-03-27,241.3,48.95,89.1,3011.2499999999995,6682.5,INTRINSIC_OPEN_PROXY,SETTLE_USED,0.0645,0.0657,0.0655999999999999,13.42,43678.0,1339500.0,246900.0
2025-03-17,short_straddle,WEEKLY,short_straddle|NIFTY|WEEKLY|20250320|20250317,short_straddle|NIFTY|WEEKLY|20250320|20250317::L000017,NIFTY,OPTIDX,2025-03-20,22500.0,CE,-1,1,75.0,-75.0,2025-03-17,2025-03-20,131.45,131.45,131.45,-0.0,9858.75,INTRINSIC_OPEN_PROXY,SETTLE_USED,0.0645,0.0657,0.0655999999999999,13.42,3449987.0,6922950.0,1882125.0
2025-03-17,short_straddle,WEEKLY,short_straddle|NIFTY|WEEKLY|20250320|20250317,short_straddle|NIFTY|WEEKLY|20250320|20250317::L000018,NIFTY,OPTIDX,2025-03-20,22500.0,PE,-1,1,75.0,-75.0,2025-03-17,2025-03-20,98.6,98.6,98.6,-0.0,-3618.7499999998913,INTRINSIC_OPEN_PROXY,SETTLE_USED,0.0645,0.0657,0.0655999999999999,13.42,3826211.0,8398725.0,5321700.0
2025-03-18,short_straddle,MONTHLY,short_straddle|NIFTY|MONTHLY|20250327|20250228,short_straddle|NIFTY|MONTHLY|20250327|20250228::L000003,NIFTY,OPTIDX,2025-03-27,22100.0,CE,-1,1,75.0,-75.0,2025-02-28,2025-03-27,419.4,815.6,527.8,-21585.000000000004,-2583.7500000000036,INTRINSIC_OPEN_PROXY,SETTLE_USED,0.0645,0.0657,0.0655999999999999,13.21,2293.0,242025.0,-31125.0
2025-03-18,short_straddle,MONTHLY,short_straddle|NIFTY|MONTHLY|20250327|20250228,short_straddle|NIFTY|MONTHLY|20250327|20250228::L000004,NIFTY,OPTIDX,2025-03-27,22100.0,PE,-1,1,75.0,-75.0,2025-02-28,2025-03-27,241.3,19.75,48.95,2190.0,3671.25,INTRINSIC_OPEN_PROXY,SETTLE_USED,0.0645,0.0657,0.0655999999999999,13.21,77898.0,1068075.0,-271425.0
2025-03-18,short_straddle,WEEKLY,short_straddle|NIFTY|WEEKLY|20250320|20250317,short_straddle|NIFTY|WEEKLY|20250320|20250317::L000017,NIFTY,OPTIDX,2025-03-20,22500.0,CE,-1,1,75.0,-75.0,2025-03-17,2025-03-20,131.45,369.15,131.45,-17827.5,-2310.000000000001,INTRINSIC_OPEN_PROXY,SETTLE_USED,0.0645,0.0657,0.0655999999999999,13.21,443411.0,3401775.0,-3521175.0
2025-03-18,short_straddle,WEEKLY,short_straddle|NIFTY|WEEKLY|20250320|20250317,short_straddle|NIFTY|WEEKLY|20250320|20250317::L000018,NIFTY,OPTIDX,2025-03-20,22500.0,PE,-1,1,75.0,-75.0,2025-03-17,2025-03-20,98.6,17.0,98.6,6120.0,7395.0,INTRINSIC_OPEN_PROXY,SETTLE_USED,0.0645,0.0657,0.0655999999999999,13.21,2102015.0,12577125.0,4178400.0
2025-03-19,short_straddle,MONTHLY,short_straddle|NIFTY|MONTHLY|20250327|20250228,short_straddle|NIFTY|MONTHLY|20250327|20250228::L000003,NIFTY,OPTIDX,2025-03-27,22100.0,CE,-1,1,75.0,-75.0,2025-02-28,2025-03-27,419.4,884.85,815.6,-5193.75,3048.7499999999472,INTRINSIC_OPEN_PROXY,SETTLE_USED,0.0645,0.0657,0.0655999999999999,13.3,821.0,226275.0,-15750.0
2025-03-19,short_straddle,MONTHLY,short_straddle|NIFTY|MONTHLY|20250327|20250228,short_straddle|NIFTY|MONTHLY|20250327|20250228::L000004,NIFTY,OPTIDX,2025-03-27,22100.0,PE,-1,1,75.0,-75.0,2025-02-28,2025-03-27,241.3,13.65,19.75,457.5,1481.25,INTRINSIC_OPEN_PROXY,SETTLE_USED,0.0645,0.0657,0.0655999999999999,13.3,58714.0,1344150.0,276075.0
2025-03-19,short_straddle,WEEKLY,short_straddle|NIFTY|WEEKLY|20250320|20250317,short_straddle|NIFTY|WEEKLY|20250320|20250317::L000017,NIFTY,OPTIDX,2025-03-20,22500.0,CE,-1,1,75.0,-75.0,2025-03-17,2025-03-20,131.45,441.3,369.15,-5411.250000000003,-435.0000000000563,INTRINSIC_OPEN_PROXY,SETTLE_USED,0.0645,0.0657,0.0655999999999999,13.3,74450.0,2543625.0,-858150.0
2025-03-19,short_straddle,WEEKLY,short_straddle|NIFTY|WEEKLY|20250320|20250317,short_straddle|NIFTY|WEEKLY|20250320|20250317::L000018,NIFTY,OPTIDX,2025-03-20,22500.0,PE,-1,1,75.0,-75.0,2025-03-17,2025-03-20,98.6,7.6,17.0,705.0,1275.0,INTRINSIC_OPEN_PROXY,SETTLE_USED,0.0645,0.0657,0.0655999999999999,13.3,2209735.0,13559025.0,981900.0
2025-03-20,short_straddle,MONTHLY,short_straddle|NIFTY|MONTHLY|20250327|20250228,short_straddle|NIFTY|MONTHLY|20250327|20250228::L000003,NIFTY,OPTIDX,2025-03-27,22100.0,CE,-1,1,75.0,-75.0,2025-02-28,2025-03-27,419.4,1095.15,884.85,-15772.500000000005,-3881.249999999889,INTRINSIC_OPEN_PROXY,SETTLE_USED,0.0646,0.0655999999999999,0.0650999999999999,12.6,646.0,206850.0,-19425.0
2025-03-20,short_straddle,MONTHLY,short_straddle|NIFTY|MONTHLY|20250327|20250228,short_straddle|NIFTY|MONTHLY|20250327|20250228::L000004,NIFTY,OPTIDX,2025-03-27,22100.0,PE,-1,1,75.0,-75.0,2025-02-28,2025-03-27,241.3,4.45,13.65,690.0,1023.75,INTRINSIC_OPEN_PROXY,SETTLE_USED,0.0646,0.0655999999999999,0.0650999999999999,12.6,135927.0,2003625.0,659475.0
2025-03-20,short_straddle,WEEKLY,short_straddle|NIFTY|WEEKLY|20250320|20250317,short_straddle|NIFTY|WEEKLY|20250320|20250317::L000017,NIFTY,OPTIDX,2025-03-20,22500.0,CE,-1,1,75.0,-75.0,2025-03-17,2025-03-20,131.45,690.6500000000015,441.3,-18701.25000000011,-7147.49999999989,INTRINSIC_OPEN_PROXY,SETTLE_USED,0.0646,0.0655999999999999,0.0650999999999999,12.6,42860.0,1234575.0,-1309050.0
2025-03-20,short_straddle,WEEKLY,short_straddle|NIFTY|WEEKLY|20250320|20250317,short_straddle|NIFTY|WEEKLY|20250320|20250317::L000018,NIFTY,OPTIDX,2025-03-20,22500.0,PE,-1,1,75.0,-75.0,2025-03-17,2025-03-20,98.6,0.0,7.6,570.0,570.0,INTRINSIC_OPEN_PROXY,SETTLE_USED,0.0646,0.0655999999999999,0.0650999999999999,12.6,2803150.0,6000075.0,-7558950.0
2025-03-21,short_straddle,MONTHLY,short_straddle|NIFTY|MONTHLY|20250327|20250228,short_straddle|NIFTY|MONTHLY|20250327|20250228::L000003,NIFTY,OPTIDX,2025-03-27,22100.0,CE,-1,1,75.0,-75.0,2025-02-28,2025-03-27,419.4,1276.9,1095.15,-13631.25,2017.5000000000068,INTRINSIC_OPEN_PROXY,SETTLE_USED,0.0646,0.0655,0.0649,12.58,507.0,191175.0,-15675.0
2025-03-21,short_straddle,MONTHLY,short_straddle|NIFTY|MONTHLY|20250327|20250228,short_straddle|NIFTY|MONTHLY|20250327|20250228::L000004,NIFTY,OPTIDX,2025-03-27,22100.0,PE,-1,1,75.0,-75.0,2025-02-28,2025-03-27,241.3,3.45,4.45,75.0,333.75,INTRINSIC_OPEN_PROXY,SETTLE_USED,0.0646,0.0655,0.0649,12.58,212457.0,2027025.0,23400.0
2025-03-21,short_straddle,WEEKLY,short_straddle|NIFTY|WEEKLY|20250403|20250321,short_straddle|NIFTY|WEEKLY|20250403|20250321::L000019,NIFTY,OPTIDX,2025-04-03,23350.0,CE,-1,1,75.0,-75.0,2025-03-21,2025-04-03,235.05,235.05,235.05,-0.0,17628.75,INTRINSIC_OPEN_PROXY,SETTLE_USED,0.0646,0.0655,0.0649,12.58,21798.0,109200.0,53925.0
2025-03-21,short_straddle,WEEKLY,short_straddle|NIFTY|WEEKLY|20250403|20250321,short_straddle|NIFTY|WEEKLY|20250403|20250321::L000020,NIFTY,OPTIDX,2025-04-03,23350.0,PE,-1,1,75.0,-75.0,2025-03-21,2025-04-03,156.55,156.55,156.55,-0.0,-1889.999999999999,INTRINSIC_OPEN_PROXY,SETTLE_USED,0.0646,0.0655,0.0649,12.58,21220.0,231225.0,208350.0
2025-03-24,short_straddle,MONTHLY,short_straddle|NIFTY|MONTHLY|20250327|20250228,short_straddle|NIFTY|MONTHLY|20250327|20250228::L000003,NIFTY,OPTIDX,2025-03-27,22100.0,CE,-1,1,75.0,-75.0,2025-02-28,2025-03-27,419.4,1603.7,1276.9,-24509.999999999996,-10387.500000000102,INTRINSIC_OPEN_PROXY,SETTLE_USED,0.0645,0.0653,0.0648,13.7,309.0,181950.0,-9225.0
2025-03-24,short_straddle,MONTHLY,short_straddle|NIFTY|MONTHLY|20250327|20250228,short_straddle|NIFTY|MONTHLY|20250327|20250228::L000004,NIFTY,OPTIDX,2025-03-27,22100.0,PE,-1,1,75.0,-75.0,2025-02-28,2025-03-27,241.3,2.85,3.45,45.00000000000001,258.75,INTRINSIC_OPEN_PROXY,SETTLE_USED,0.0645,0.0653,0.0648,13.7,224655.0,1678200.0,-348825.0
2025-03-24,short_straddle,WEEKLY,short_straddle|NIFTY|WEEKLY|20250403|20250321,short_straddle|NIFTY|WEEKLY|20250403|20250321::L000019,NIFTY,OPTIDX,2025-04-03,23350.0,CE,-1,1,75.0,-75.0,2025-03-21,2025-04-03,235.05,469.2,235.05,-17561.25,5223.749999999892,INTRINSIC_OPEN_PROXY,SETTLE_USED,0.0645,0.0653,0.0648,13.7,5794.0,48075.0,-61125.0
2025-03-24,short_straddle,WEEKLY,short_straddle|NIFTY|WEEKLY|20250403|20250321,short_straddle|NIFTY|WEEKLY|20250403|20250321::L000020,NIFTY,OPTIDX,2025-04-03,23350.0,PE,-1,1,75.0,-75.0,2025-03-21,2025-04-03,156.55,74.6,156.55,6146.250000000001,11741.25,INTRINSIC_OPEN_PROXY,SETTLE_USED,0.0645,0.0653,0.0648,13.7,21865.0,228825.0,-2400.0
2025-03-25,short_straddle,MONTHLY,short_straddle|NIFTY|MONTHLY|20250327|20250228,short_straddle|NIFTY|MONTHLY|20250327|20250228::L000003,NIFTY,OPTIDX,2025-03-27,22100.0,CE,-1,1,75.0,-75.0,2025-02-28,2025-03-27,419.4,1607.15,1603.7,-258.7500000000034,-3584.9999999999964,INTRINSIC_OPEN_PROXY,SETTLE_USED,0.0645,0.0652,0.0649,13.64,966.0,137400.0,-44550.0
2025-03-25,short_straddle,MONTHLY,short_straddle|NIFTY|MONTHLY|20250327|20250228,short_straddle|NIFTY|MONTHLY|20250327|20250228::L000004,NIFTY,OPTIDX,2025-03-27,22100.0,PE,-1,1,75.0,-75.0,2025-02-28,2025-03-27,241.3,1.75,2.85,82.5,213.75,INTRINSIC_OPEN_PROXY,SETTLE_USED,0.0645,0.0652,0.0649,13.64,125514.0,1420125.0,-258075.0
2025-03-25,short_straddle,WEEKLY,short_straddle|NIFTY|WEEKLY|20250403|20250321,short_straddle|NIFTY|WEEKLY|20250403|20250321::L000019,NIFTY,OPTIDX,2025-04-03,23350.0,CE,-1,1,75.0,-75.0,2025-03-21,2025-04-03,235.05,464.5,469.2,352.49999999999915,5077.499999999999,INTRINSIC_OPEN_PROXY,SETTLE_USED,0.0645,0.0652,0.0649,13.64,711.0,43875.0,-4200.0
2025-03-25,short_straddle,WEEKLY,short_straddle|NIFTY|WEEKLY|20250403|20250321,short_straddle|NIFTY|WEEKLY|20250403|20250321::L000020,NIFTY,OPTIDX,2025-04-03,23350.0,PE,-1,1,75.0,-75.0,2025-03-21,2025-04-03,156.55,63.15,74.6,858.7499999999997,5595.0,INTRINSIC_OPEN_PROXY,SETTLE_USED,0.0645,0.0652,0.0649,13.64,20472.0,319950.0,91125.0
2025-03-26,short_straddle,MONTHLY,short_straddle|NIFTY|MONTHLY|20250327|20250228,short_straddle|NIFTY|MONTHLY|20250327|20250228::L000003,NIFTY,OPTIDX,2025-03-27,22100.0,CE,-1,1,75.0,-75.0,2025-02-28,2025-03-27,419.4,1419.2,1607.15,14096.250000000004,464.99999999995225,INTRINSIC_OPEN_PROXY,SETTLE_USED,0.0645,0.0653,0.0648,13.47,243.0,126750.0,-10650.0
2025-03-26,short_straddle,MONTHLY,short_straddle|NIFTY|MONTHLY|20250327|20250228,short_straddle|NIFTY|MONTHLY|20250327|20250228::L000004,NIFTY,OPTIDX,2025-03-27,22100.0,PE,-1,1,75.0,-75.0,2025-02-28,2025-03-27,241.3,1.15,1.75,45.00000000000001,131.25,INTRINSIC_OPEN_PROXY,SETTLE_USED,0.0645,0.0653,0.0648,13.47,108136.0,1013325.0,-406800.0
2025-03-26,short_straddle,WEEKLY,short_straddle|NIFTY|WEEKLY|20250403|20250321,short_straddle|NIFTY|WEEKLY|20250403|20250321::L000019,NIFTY,OPTIDX,2025-04-03,23350.0,CE,-1,1,75.0,-75.0,2025-03-21,2025-04-03,235.05,315.8,464.5,11152.5,8516.249999999945,INTRINSIC_OPEN_PROXY,SETTLE_USED,0.0645,0.0653,0.0648,13.47,1259.0,69975.0,26100.0
2025-03-26,short_straddle,WEEKLY,short_straddle|NIFTY|WEEKLY|20250403|20250321,short_straddle|NIFTY|WEEKLY|20250403|20250321::L000020,NIFTY,OPTIDX,2025-04-03,23350.0,PE,-1,1,75.0,-75.0,2025-03-21,2025-04-03,156.55,90.6,63.15,-2058.7499999999995,4736.25,INTRINSIC_OPEN_PROXY,SETTLE_USED,0.0645,0.0653,0.0648,13.47,38660.0,408225.0,88275.0
2025-03-27,short_straddle,MONTHLY,short_straddle|NIFTY|MONTHLY|20250327|20250228,short_straddle|NIFTY|MONTHLY|20250327|20250228::L000003,NIFTY,OPTIDX,2025-03-27,22100.0,CE,-1,1,75.0,-75.0,2025-02-28,2025-03-27,419.4,1491.9500000000007,1419.2,-5456.250000000051,6393.749999999949,INTRINSIC_OPEN_PROXY,SETTLE_USED,0.0648,0.0650999999999999,0.0647,13.3,519.0,112875.0,-13875.0
2025-03-27,short_straddle,MONTHLY,short_straddle|NIFTY|MONTHLY|20250327|20250228,short_straddle|NIFTY|MONTHLY|20250327|20250228::L000004,NIFTY,OPTIDX,2025-03-27,22100.0,PE,-1,1,75.0,-75.0,2025-02-28,2025-03-27,241.3,0.0,1.15,86.25,86.25,INTRINSIC_OPEN_PROXY,SETTLE_USED,0.0648,0.0650999999999999,0.0647,13.3,183110.0,759075.0,-254250.0
2025-03-27,short_straddle,WEEKLY,short_straddle|NIFTY|WEEKLY|20250403|20250321,short_straddle|NIFTY|WEEKLY|20250403|20250321::L000019,NIFTY,OPTIDX,2025-04-03,23350.0,CE,-1,1,75.0,-75.0,2025-03-21,2025-04-03,235.05,384.3,315.8,-5137.5,17388.749999999945,INTRINSIC_OPEN_PROXY,SETTLE_USED,0.0648,0.0650999999999999,0.0647,13.3,5564.0,106125.0,36150.0
2025-03-27,short_straddle,WEEKLY,short_straddle|NIFTY|WEEKLY|20250403|20250321,short_straddle|NIFTY|WEEKLY|20250403|20250321::L000020,NIFTY,OPTIDX,2025-04-03,23350.0,PE,-1,1,75.0,-75.0,2025-03-21,2025-04-03,156.55,55.3,90.6,2647.5,6795.0,INTRINSIC_OPEN_PROXY,SETTLE_USED,0.0648,0.0650999999999999,0.0647,13.3,64810.0,752475.0,344250.0
2025-03-28,short_straddle,MONTHLY,short_straddle|NIFTY|MONTHLY|20250430|20250328,short_straddle|NIFTY|MONTHLY|20250430|20250328::L000005,NIFTY,OPTIDX,2025-04-30,23500.0,CE,-1,1,75.0,-75.0,2025-03-28,2025-04-30,420.7,420.7,420.7,-0.0,24022.49999999989,INTRINSIC_OPEN_PROXY,SETTLE_USED,0.0635,0.0644,0.0639,12.72,4990.0,242850.0,109650.0
2025-03-28,short_straddle,MONTHLY,short_straddle|NIFTY|MONTHLY|20250430|20250328,short_straddle|NIFTY|MONTHLY|20250430|20250328::L000006,NIFTY,OPTIDX,2025-04-30,23500.0,PE,-1,1,75.0,-75.0,2025-03-28,2025-04-30,266.15,266.15,266.15,-0.0,19961.25,INTRINSIC_OPEN_PROXY,SETTLE_USED,0.0635,0.0644,0.0639,12.72,8425.0,274350.0,71925.0
2025-03-28,short_straddle,WEEKLY,short_straddle|NIFTY|WEEKLY|20250403|20250321,short_straddle|NIFTY|WEEKLY|20250403|20250321::L000019,NIFTY,OPTIDX,2025-04-03,23350.0,CE,-1,1,75.0,-75.0,2025-03-21,2025-04-03,235.05,242.85,384.3,10608.750000000002,10042.49999999989,INTRINSIC_OPEN_PROXY,SETTLE_USED,0.0635,0.0644,0.0639,12.72,63424.0,216300.0,110175.0
2025-03-28,short_straddle,WEEKLY,short_straddle|NIFTY|WEEKLY|20250403|20250321,short_straddle|NIFTY|WEEKLY|20250403|20250321::L000020,NIFTY,OPTIDX,2025-04-03,23350.0,PE,-1,1,75.0,-75.0,2025-03-21,2025-04-03,156.55,52.35,55.3,221.2499999999997,4147.5,INTRINSIC_OPEN_PROXY,SETTLE_USED,0.0635,0.0644,0.0639,12.72,976720.0,1432050.0,679575.0
